1,1,400
1,2263,709,1554,6,0.2890
2,2262.0000,673.0000,1589.0000,6,0.4348
3,2196.0000,869.0000,1327.0000,7,0.5740
4,2261.0000,667.0000,1594.0000,6,0.6962
5,2262.0000,691.0000,1571.0000,6,0.8217
6,2266.0000,691.0000,1575.0000,6,0.9467
7,2266.0000,677.0000,1589.0000,6,1.0703
8,2264.0000,743.0000,1521.0000,6,1.1894
9,2267.0000,716.0000,1551.0000,6,1.3155
10,2259.0000,715.0000,1544.0000,6,1.4640
11,2196.0000,841.0000,1355.0000,6,1.5850
12,2262.0000,683.0000,1579.0000,6,1.7097
13,2262.0000,703.0000,1559.0000,6,1.8452
14,2267.0000,756.0000,1511.0000,6,1.9808
15,2193.0000,874.0000,1319.0000,6,2.1143
16,2257.0000,724.0000,1533.0000,6,2.2536
17,2260.0000,729.0000,1531.0000,6,2.3919
18,2259.0000,689.0000,1570.0000,6,2.5307
19,2193.0000,836.0000,1357.0000,6,2.6625
20,2258.0000,727.0000,1531.0000,6,2.7878
21,2262.0000,669.0000,1593.0000,6,2.9194
22,2256.0000,697.0000,1559.0000,6,3.0556
23,2201.0000,842.0000,1359.0000,6,3.1856
24,2265.0000,716.0000,1549.0000,6,3.3300
25,2188.0000,891.0000,1297.0000,6,3.4578
26,2265.0000,714.0000,1551.0000,5,3.5889
27,2256.0000,721.0000,1535.0000,5,3.7389
28,2259.0000,663.0000,1596.0000,5,3.8744
29,2265.0000,837.0000,1428.0000,5,4.0127
30,2263.0000,730.0000,1533.0000,5,4.1450
31,2199.0000,890.0000,1309.0000,5,4.2859
32,2210.0000,830.0000,1380.0000,5,4.4271
33,2261.0000,770.0000,1491.0000,5,4.5785
34,2258.0000,716.0000,1542.0000,5,4.7429
35,2260.0000,661.0000,1599.0000,5,4.9218
36,2266.0000,723.0000,1543.0000,5,5.0621
37,2262.0000,687.0000,1575.0000,5,5.1922
38,2266.0000,752.0000,1514.0000,5,5.3164
39,2260.0000,737.0000,1523.0000,5,5.4417
40,2191.0000,866.0000,1325.0000,5,5.5795
41,2264.0000,749.0000,1515.0000,5,5.7190
42,2259.0000,716.0000,1543.0000,5,5.8549
43,2272.0000,812.0000,1460.0000,5,5.9945
44,2262.0000,731.0000,1531.0000,5,6.1268
45,2200.0000,857.0000,1343.0000,5,6.2822
46,2263.0000,729.0000,1534.0000,5,6.4133
47,2269.0000,673.0000,1596.0000,5,6.5653
48,2261.0000,701.0000,1560.0000,5,6.6887
49,2262.0000,659.0000,1603.0000,5,6.8294
50,2261.0000,723.0000,1538.0000,5,6.9724
51,2259.0000,684.0000,1575.0000,5,7.1171
52,2259.0000,649.0000,1610.0000,5,7.2403
53,2270.0000,717.0000,1553.0000,5,7.3631
54,2260.0000,719.0000,1541.0000,5,7.5079
55,2265.0000,757.0000,1508.0000,5,7.6451
56,2259.0000,714.0000,1545.0000,5,7.7869
57,2261.0000,701.0000,1560.0000,5,7.9236
58,4952.0000,4070.0000,882.0000,5,8.1681
59,2274.0000,697.0000,1577.0000,5,8.2932
60,2192.0000,837.0000,1355.0000,5,8.4196
61,2191.0000,877.0000,1314.0000,5,8.5575
62,2196.0000,895.0000,1301.0000,5,8.7228
63,2258.0000,732.0000,1526.0000,5,8.8528
64,2264.0000,710.0000,1554.0000,5,8.9838
65,2267.0000,742.0000,1525.0000,5,9.1252
66,2208.0000,859.0000,1349.0000,5,9.2550
67,2262.0000,659.0000,1603.0000,5,9.3897
68,2263.0000,737.0000,1526.0000,5,9.5141
69,2259.0000,716.0000,1543.0000,5,9.6481
70,2201.0000,822.0000,1379.0000,5,9.7748
71,2266.0000,677.0000,1589.0000,5,9.9013
72,2195.0000,875.0000,1320.0000,5,10.0210
73,2188.0000,905.0000,1283.0000,5,10.1618
74,2265.0000,705.0000,1560.0000,5,10.3094
75,2261.0000,722.0000,1539.0000,5,10.4334
76,2258.0000,653.0000,1605.0000,5,10.5805
77,2197.0000,861.0000,1336.0000,5,10.7195
78,2260.0000,673.0000,1587.0000,5,10.8453
79,2265.0000,709.0000,1556.0000,5,10.9768
80,2208.0000,866.0000,1342.0000,5,11.1027
81,2260.0000,685.0000,1575.0000,5,11.2386
82,2196.0000,818.0000,1378.0000,5,11.3641
83,2204.0000,895.0000,1309.0000,5,11.5037
84,2207.0000,900.0000,1307.0000,5,11.6306
85,2268.0000,752.0000,1516.0000,5,11.7735
86,2266.0000,688.0000,1578.0000,5,11.9157
87,2262.0000,746.0000,1516.0000,5,12.0580
88,2264.0000,766.0000,1498.0000,5,12.1952
89,2198.0000,826.0000,1372.0000,5,12.3429
90,2262.0000,688.0000,1574.0000,5,12.4724
91,2265.0000,758.0000,1507.0000,5,12.6054
92,2259.0000,671.0000,1588.0000,5,12.7446
93,2261.0000,672.0000,1589.0000,5,12.8934
94,2264.0000,712.0000,1552.0000,5,13.0392
95,2259.0000,724.0000,1535.0000,5,13.1759
96,2260.0000,666.0000,1594.0000,5,13.3116
97,2260.0000,676.0000,1584.0000,5,13.4499
98,2204.0000,854.0000,1350.0000,5,13.5785
99,2269.0000,738.0000,1531.0000,5,13.7003
100,2265.0000,693.0000,1572.0000,5,13.8423
101,2257.0000,673.0000,1584.0000,5,13.9653
102,2203.0000,834.0000,1369.0000,5,14.1012
103,2261.0000,699.0000,1562.0000,5,14.2253
104,2262.0000,664.0000,1598.0000,5,14.3404
105,2195.0000,848.0000,1347.0000,5,14.4950
106,2261.0000,674.0000,1587.0000,5,14.6201
107,2256.0000,715.0000,1541.0000,5,14.7637
108,2265.0000,716.0000,1549.0000,5,14.9129
109,2261.0000,698.0000,1563.0000,5,15.0421
110,2261.0000,673.0000,1588.0000,5,15.1744
111,2263.0000,713.0000,1550.0000,5,15.2985
112,2199.0000,864.0000,1335.0000,5,15.4199
113,2199.0000,855.0000,1344.0000,5,15.5540
114,2266.0000,764.0000,1502.0000,5,15.6870
115,2205.0000,923.0000,1282.0000,5,15.8189
116,2256.0000,730.0000,1526.0000,5,15.9673
117,2196.0000,901.0000,1295.0000,5,16.1112
118,2266.0000,722.0000,1544.0000,5,16.2440
119,2261.0000,669.0000,1592.0000,5,16.3782
120,2270.0000,797.0000,1473.0000,5,16.5086
121,2187.0000,912.0000,1275.0000,5,16.6558
122,2200.0000,821.0000,1379.0000,6,16.7937
123,2261.0000,710.0000,1551.0000,6,16.9123
124,2262.0000,693.0000,1569.0000,6,17.0283
125,2261.0000,685.0000,1576.0000,6,17.1625
126,2193.0000,854.0000,1339.0000,6,17.3006
127,2200.0000,822.0000,1378.0000,6,17.4488
128,2263.0000,738.0000,1525.0000,6,17.5801
129,2260.0000,714.0000,1546.0000,6,17.7071
130,2263.0000,653.0000,1610.0000,6,17.8333
131,2261.0000,755.0000,1506.0000,6,17.9701
132,2196.0000,798.0000,1398.0000,6,18.0932
133,2269.0000,784.0000,1485.0000,6,18.2404
134,2259.0000,697.0000,1562.0000,6,18.3755
135,2194.0000,900.0000,1294.0000,6,18.5210
136,2264.0000,673.0000,1591.0000,6,18.6426
137,2257.0000,681.0000,1576.0000,6,18.7805
138,2259.0000,730.0000,1529.0000,6,18.9132
139,2192.0000,857.0000,1335.0000,6,19.0381
140,2261.0000,704.0000,1557.0000,6,19.1658
141,2260.0000,694.0000,1566.0000,6,19.3052
142,2258.0000,724.0000,1534.0000,6,19.4443
143,2262.0000,744.0000,1518.0000,6,19.5705
144,2262.0000,727.0000,1535.0000,6,19.7591
145,2264.0000,687.0000,1577.0000,6,19.8962
146,2200.0000,895.0000,1305.0000,6,20.0376
147,2260.0000,725.0000,1535.0000,6,20.1697
148,2264.0000,651.0000,1613.0000,6,20.3445
149,2265.0000,777.0000,1488.0000,6,20.4723
150,2260.0000,672.0000,1588.0000,6,20.6119
151,2258.0000,749.0000,1509.0000,6,20.7409
152,2262.0000,692.0000,1570.0000,6,20.8604
153,2260.0000,726.0000,1534.0000,6,21.0032
154,2195.0000,879.0000,1316.0000,6,21.1428
155,2261.0000,670.0000,1591.0000,6,21.2865
156,2193.0000,875.0000,1318.0000,6,21.4165
157,2262.0000,728.0000,1534.0000,6,21.5612
158,2262.0000,654.0000,1608.0000,6,21.6810
159,2269.0000,739.0000,1530.0000,6,21.8448
160,2269.0000,691.0000,1578.0000,6,21.9734
161,2258.0000,731.0000,1527.0000,6,22.1066
162,2261.0000,722.0000,1539.0000,6,22.2417
163,2256.0000,747.0000,1509.0000,6,22.3856
164,2256.0000,697.0000,1559.0000,6,22.5153
165,2198.0000,898.0000,1300.0000,6,22.6538
166,2211.0000,869.0000,1342.0000,6,22.7810
167,2268.0000,724.0000,1544.0000,6,22.9269
168,2259.0000,751.0000,1508.0000,6,23.0590
169,2213.0000,863.0000,1350.0000,6,23.1814
170,2258.0000,709.0000,1549.0000,6,23.3137
171,2194.0000,869.0000,1325.0000,6,23.4381
172,2263.0000,661.0000,1602.0000,6,23.5744
173,2267.0000,693.0000,1574.0000,6,23.7123
174,2258.0000,690.0000,1568.0000,6,23.8601
175,2259.0000,655.0000,1604.0000,6,23.9926
176,2271.0000,819.0000,1452.0000,6,24.1244
177,2259.0000,704.0000,1555.0000,6,24.2507
178,2260.0000,686.0000,1574.0000,6,24.3740
179,2194.0000,856.0000,1338.0000,6,24.5131
180,2262.0000,670.0000,1592.0000,6,24.6426
181,2260.0000,790.0000,1470.0000,6,24.7745
182,2191.0000,896.0000,1295.0000,6,24.9207
183,2262.0000,702.0000,1560.0000,6,25.0730
184,2260.0000,731.0000,1529.0000,6,25.2058
185,2197.0000,860.0000,1337.0000,6,25.3401
186,2259.0000,710.0000,1549.0000,6,25.4718
187,2264.0000,719.0000,1545.0000,6,25.6070
188,2265.0000,682.0000,1583.0000,6,25.7358
189,2260.0000,652.0000,1608.0000,6,25.8624
190,2194.0000,922.0000,1272.0000,6,25.9950
191,2199.0000,823.0000,1376.0000,6,26.1194
192,2194.0000,843.0000,1351.0000,6,26.2536
193,2262.0000,752.0000,1510.0000,6,26.3983
194,2263.0000,634.0000,1629.0000,6,26.5384
195,2266.0000,673.0000,1593.0000,6,26.6755
196,2273.0000,765.0000,1508.0000,6,26.7999
197,2266.0000,706.0000,1560.0000,6,26.9400
198,2267.0000,756.0000,1511.0000,6,27.0804
199,2261.0000,647.0000,1614.0000,6,27.2062
200,2258.0000,679.0000,1579.0000,6,27.3358
201,2199.0000,859.0000,1340.0000,6,27.4772
202,2273.0000,703.0000,1570.0000,6,27.6026
203,2258.0000,693.0000,1565.0000,6,27.7283
204,2261.0000,669.0000,1592.0000,6,27.8679
205,2190.0000,885.0000,1305.0000,6,27.9987
206,2210.0000,823.0000,1387.0000,6,28.1340
207,2266.0000,717.0000,1549.0000,6,28.2682
208,2262.0000,640.0000,1622.0000,6,28.3952
209,2198.0000,784.0000,1414.0000,6,28.5386
210,2289.0000,770.0000,1519.0000,6,28.6874
211,2262.0000,665.0000,1597.0000,6,28.8199
212,2266.0000,661.0000,1605.0000,6,28.9467
213,2255.0000,678.0000,1577.0000,6,29.0932
214,2262.0000,684.0000,1578.0000,6,29.2192
215,2259.0000,694.0000,1565.0000,6,29.3466
216,2193.0000,868.0000,1325.0000,6,29.4868
217,2260.0000,662.0000,1598.0000,6,29.6207
218,2261.0000,699.0000,1562.0000,6,29.7471
219,2264.0000,657.0000,1607.0000,6,29.8825
220,2266.0000,737.0000,1529.0000,6,30.0156
221,2264.0000,668.0000,1596.0000,6,30.1382
222,2264.0000,662.0000,1602.0000,6,30.2741
223,2266.0000,749.0000,1517.0000,6,30.4058
224,2213.0000,819.0000,1394.0000,6,30.5273
225,2193.0000,812.0000,1381.0000,6,30.6744
226,2190.0000,869.0000,1321.0000,6,30.7996
227,2262.0000,700.0000,1562.0000,6,30.9403
228,2267.0000,787.0000,1480.0000,6,31.0679
229,2259.0000,679.0000,1580.0000,6,31.2012
230,2257.0000,693.0000,1564.0000,6,31.3275
231,2259.0000,723.0000,1536.0000,6,31.4570
232,2204.0000,910.0000,1294.0000,6,31.5899
233,2196.0000,854.0000,1342.0000,6,31.7321
234,2197.0000,900.0000,1297.0000,6,31.8774
235,2261.0000,700.0000,1561.0000,6,32.0017
236,2266.0000,757.0000,1509.0000,6,32.1365
237,2203.0000,804.0000,1399.0000,6,32.2782
238,2198.0000,869.0000,1329.0000,6,32.4351
239,2258.0000,689.0000,1569.0000,6,32.5636
240,2260.0000,776.0000,1484.0000,6,32.7031
241,2264.0000,715.0000,1549.0000,6,32.8284
242,2259.0000,694.0000,1565.0000,6,32.9514
243,2263.0000,710.0000,1553.0000,6,33.0744
244,2266.0000,716.0000,1550.0000,6,33.2036
245,2197.0000,881.0000,1316.0000,6,33.3442
246,2260.0000,721.0000,1539.0000,6,33.4764
247,2258.0000,700.0000,1558.0000,6,33.6134
248,2264.0000,702.0000,1562.0000,6,33.7470
249,2257.0000,671.0000,1586.0000,6,33.8902
250,2262.0000,788.0000,1474.0000,6,34.0154
251,2268.0000,664.0000,1604.0000,6,34.1328
252,2264.0000,670.0000,1594.0000,6,34.2630
253,2259.0000,692.0000,1567.0000,6,34.3874
254,2258.0000,744.0000,1514.0000,6,34.5261
255,2265.0000,655.0000,1610.0000,6,34.6529
256,2257.0000,712.0000,1545.0000,6,34.7777
257,2266.0000,821.0000,1445.0000,6,34.9128
258,2265.0000,707.0000,1558.0000,6,35.0869
259,2259.0000,661.0000,1598.0000,6,35.2405
260,2259.0000,687.0000,1572.0000,6,35.3646
261,2263.0000,692.0000,1571.0000,6,35.5070
262,2270.0000,786.0000,1484.0000,6,35.6438
263,2198.0000,834.0000,1364.0000,6,35.7881
264,2258.0000,731.0000,1527.0000,6,35.9075
265,2262.0000,750.0000,1512.0000,6,36.0495
266,2265.0000,736.0000,1529.0000,6,36.1866
267,2263.0000,676.0000,1587.0000,6,36.3279
268,2264.0000,723.0000,1541.0000,6,36.4733
269,2191.0000,860.0000,1331.0000,6,36.5911
270,2261.0000,635.0000,1626.0000,6,36.7295
271,2257.0000,701.0000,1556.0000,6,36.8653
272,2192.0000,812.0000,1380.0000,6,37.0101
273,2263.0000,727.0000,1536.0000,6,37.1392
274,2267.0000,726.0000,1541.0000,6,37.2722
275,2195.0000,876.0000,1319.0000,6,37.3964
276,2199.0000,838.0000,1361.0000,6,37.5308
277,2263.0000,639.0000,1624.0000,6,37.6553
278,2196.0000,852.0000,1344.0000,6,37.7803
279,2274.0000,682.0000,1592.0000,6,37.9189
280,2259.0000,702.0000,1557.0000,6,38.0489
281,2273.0000,714.0000,1559.0000,6,38.1744
282,2263.0000,698.0000,1565.0000,6,38.2968
283,2255.0000,762.0000,1493.0000,6,38.4314
284,2263.0000,671.0000,1592.0000,6,38.5577
285,2263.0000,658.0000,1605.0000,6,38.6752
286,2261.0000,678.0000,1583.0000,6,38.7979
287,2258.0000,740.0000,1518.0000,6,38.9362
288,2261.0000,684.0000,1577.0000,6,39.0715
289,2194.0000,861.0000,1333.0000,6,39.2123
290,2196.0000,839.0000,1357.0000,6,39.3785
291,2267.0000,689.0000,1578.0000,6,39.5028
292,2258.0000,725.0000,1533.0000,6,39.6340
293,2267.0000,789.0000,1478.0000,6,39.7679
294,2257.0000,691.0000,1566.0000,6,39.9009
295,2202.0000,852.0000,1350.0000,6,40.0498
296,2193.0000,874.0000,1319.0000,6,40.1938
297,2270.0000,765.0000,1505.0000,6,40.3204
298,2258.0000,691.0000,1567.0000,6,40.4611
299,2259.0000,673.0000,1586.0000,6,40.5996
300,2193.0000,864.0000,1329.0000,6,40.7325
301,2275.0000,753.0000,1522.0000,6,40.8676
302,2266.0000,744.0000,1522.0000,6,41.0026
303,2260.0000,704.0000,1556.0000,6,41.1382
304,2262.0000,724.0000,1538.0000,6,41.2693
305,2199.0000,855.0000,1344.0000,6,41.4136
306,2261.0000,654.0000,1607.0000,6,41.5334
307,2194.0000,824.0000,1370.0000,6,41.6597
308,2260.0000,700.0000,1560.0000,6,41.7884
309,2195.0000,827.0000,1368.0000,6,41.9292
310,2261.0000,685.0000,1576.0000,6,42.0637
311,2266.0000,668.0000,1598.0000,6,42.1940
312,2259.0000,746.0000,1513.0000,6,42.3213
313,2266.0000,655.0000,1611.0000,6,42.4512
314,2196.0000,900.0000,1296.0000,6,42.5787
315,2201.0000,813.0000,1388.0000,6,42.7149
316,2193.0000,868.0000,1325.0000,6,42.8568
317,2260.0000,717.0000,1543.0000,6,43.0045
318,2259.0000,752.0000,1507.0000,6,43.1311
319,2267.0000,711.0000,1556.0000,6,43.2578
320,2263.0000,675.0000,1588.0000,6,43.3791
321,2200.0000,857.0000,1343.0000,6,43.5097
322,2260.0000,668.0000,1592.0000,6,43.6492
323,2263.0000,676.0000,1587.0000,6,43.7837
324,2258.0000,748.0000,1510.0000,6,43.9233
325,2262.0000,756.0000,1506.0000,6,44.0617
326,2263.0000,684.0000,1579.0000,6,44.1896
327,2258.0000,753.0000,1505.0000,6,44.3147
328,2195.0000,815.0000,1380.0000,6,44.4697
329,2274.0000,681.0000,1593.0000,6,44.6012
330,2268.0000,637.0000,1631.0000,6,44.7332
331,2264.0000,728.0000,1536.0000,6,44.8660
332,2285.0000,703.0000,1582.0000,6,45.0113
333,2259.0000,738.0000,1521.0000,6,45.1298
334,2262.0000,718.0000,1544.0000,6,45.2597
335,2265.0000,678.0000,1587.0000,6,45.4005
336,2267.0000,709.0000,1558.0000,6,45.5288
337,2265.0000,711.0000,1554.0000,6,45.6610
338,2262.0000,666.0000,1596.0000,6,45.7857
339,2199.0000,921.0000,1278.0000,6,45.9266
340,2255.0000,721.0000,1534.0000,6,46.0552
341,2263.0000,661.0000,1602.0000,6,46.1971
342,2269.0000,702.0000,1567.0000,6,46.3250
343,2268.0000,651.0000,1617.0000,6,46.4694
344,2263.0000,738.0000,1525.0000,6,46.5984
345,2260.0000,739.0000,1521.0000,6,46.7334
346,2262.0000,714.0000,1548.0000,6,46.8987
347,2261.0000,658.0000,1603.0000,6,47.0279
348,2198.0000,895.0000,1303.0000,6,47.1538
349,2268.0000,735.0000,1533.0000,6,47.2890
350,2268.0000,748.0000,1520.0000,6,47.4204
351,2261.0000,708.0000,1553.0000,6,47.5540
352,2261.0000,759.0000,1502.0000,6,47.6757
353,2262.0000,705.0000,1557.0000,6,47.8078
354,2258.0000,719.0000,1539.0000,6,47.9631
355,2199.0000,860.0000,1339.0000,6,48.0943
356,2261.0000,692.0000,1569.0000,6,48.2346
357,2263.0000,681.0000,1582.0000,6,48.3660
358,2266.0000,716.0000,1550.0000,6,48.5003
359,2258.0000,703.0000,1555.0000,6,48.6266
360,2259.0000,744.0000,1515.0000,6,48.7529
361,2262.0000,783.0000,1479.0000,6,48.8872
362,2265.0000,720.0000,1545.0000,6,49.0331
363,2194.0000,874.0000,1320.0000,6,49.1736
364,2258.0000,700.0000,1558.0000,6,49.2949
365,2265.0000,708.0000,1557.0000,6,49.4411
366,2199.0000,877.0000,1322.0000,6,49.5674
367,2261.0000,704.0000,1557.0000,6,49.7037
368,2197.0000,814.0000,1383.0000,6,49.8405
369,2265.0000,733.0000,1532.0000,6,49.9580
370,2264.0000,675.0000,1589.0000,6,50.0881
371,2262.0000,623.0000,1639.0000,6,50.2094
372,2264.0000,686.0000,1578.0000,6,50.3393
373,2256.0000,692.0000,1564.0000,6,50.4727
374,2260.0000,743.0000,1517.0000,6,50.6165
375,2260.0000,730.0000,1530.0000,6,50.7632
376,2266.0000,701.0000,1565.0000,6,50.9019
377,2258.0000,711.0000,1547.0000,6,51.0371
378,2264.0000,689.0000,1575.0000,6,51.1782
379,2265.0000,755.0000,1510.0000,6,51.3071
380,2262.0000,693.0000,1569.0000,6,51.4323
381,2262.0000,737.0000,1525.0000,6,51.5654
382,2258.0000,736.0000,1522.0000,6,51.6950
383,2271.0000,698.0000,1573.0000,6,51.8429
384,2264.0000,695.0000,1569.0000,6,51.9767
385,2190.0000,876.0000,1314.0000,6,52.1153
386,2264.0000,768.0000,1496.0000,6,52.2551
387,2260.0000,743.0000,1517.0000,6,52.4027
388,2204.0000,880.0000,1324.0000,6,52.5511
389,2266.0000,654.0000,1612.0000,6,52.6800
390,2270.0000,775.0000,1495.0000,6,52.8110
391,2268.0000,714.0000,1554.0000,6,52.9491
392,2260.0000,711.0000,1549.0000,6,53.0774
393,2266.0000,644.0000,1622.0000,6,53.2164
394,2260.0000,683.0000,1577.0000,6,53.3529
395,2263.0000,771.0000,1492.0000,6,53.4837
396,2261.0000,695.0000,1566.0000,6,53.6156
397,2264.0000,718.0000,1546.0000,6,53.7525
398,2256.0000,699.0000,1557.0000,6,53.8825
399,2198.0000,915.0000,1283.0000,6,54.0069
400,2249.0000,926.0000,1323.0000,6,54.7175
401,2263.0000,682.0000,1581.0000,6,54.8353
Best value,2187.0000,912.0000,1275.0000,6,121,16.6558,402,0,0.00
Clustering configuration: 
 Partition 0 (1786): [ 0 1 2 3 4 5 6 7 8 9 10 11 12 13 14 15 16 17 18 19 20 22 23 24 30 31 32 33 34 35 36 37 38 39 40 41 42 43 44 45 46 47 48 49 51 52 53 54 55 56 57 58 60 61 62 63 64 65 66 67 68 69 70 71 72 73 74 75 76 77 78 79 80 81 82 83 84 85 86 87 88 89 91 92 93 94 95 96 97 98 99 100 101 102 103 104 105 106 107 108 110 111 112 114 115 116 117 118 119 120 121 122 123 124 127 128 129 130 131 132 133 134 135 136 137 138 139 140 141 142 143 144 145 146 147 148 149 150 151 152 154 155 156 157 158 159 160 161 162 163 164 165 166 167 169 170 171 172 173 174 175 176 177 178 180 181 182 183 184 185 186 187 188 189 190 191 193 194 195 196 197 198 199 200 201 202 203 204 205 206 207 213 216 218 219 220 221 222 223 224 225 226 227 228 229 230 231 232 233 234 235 236 237 238 239 240 241 242 243 244 245 246 247 248 250 251 252 253 254 255 256 257 258 259 260 261 262 263 264 265 266 267 268 269 270 271 272 273 274 275 276 277 278 279 280 281 282 283 284 285 286 287 288 289 290 291 292 293 294 295 296 297 298 299 300 301 302 303 304 305 306 307 308 309 310 311 312 313 314 315 316 317 318 319 320 321 322 323 324 325 326 327 329 330 331 332 333 334 335 336 337 338 339 340 341 342 343 344 345 346 347 348 349 350 351 352 353 354 355 356 357 358 359 360 361 362 363 364 365 366 367 368 369 370 371 372 373 374 375 376 377 378 379 380 381 382 383 384 385 386 387 388 389 390 391 392 393 394 395 396 397 398 399 400 401 402 403 404 405 406 407 408 409 410 411 412 413 414 415 416 417 418 419 420 421 422 423 424 425 426 427 428 429 430 431 432 434 435 436 437 439 440 441 442 443 444 445 446 447 448 449 450 451 452 453 454 455 456 457 458 459 460 461 462 463 464 465 466 467 468 469 470 471 472 473 474 475 476 477 478 479 480 481 482 483 484 485 486 487 488 489 490 491 492 493 494 495 496 497 498 499 500 501 502 503 504 505 506 507 508 509 510 511 512 513 514 515 516 518 519 520 521 522 523 524 525 526 527 528 529 530 532 533 535 536 537 538 539 540 541 542 543 544 545 546 547 548 549 550 551 552 553 554 555 556 557 558 559 560 561 562 563 564 565 566 567 568 569 570 572 573 574 575 576 577 578 579 580 581 582 583 584 585 586 587 588 589 590 591 592 593 594 595 596 597 598 599 600 601 602 603 604 605 606 607 608 609 610 611 612 613 614 615 616 617 618 619 620 621 622 623 624 625 626 627 628 629 630 631 632 633 634 635 636 637 638 639 640 641 642 643 644 645 646 647 648 649 650 651 652 653 654 655 656 657 658 659 660 661 662 663 664 665 666 667 668 669 670 671 672 673 674 676 677 680 681 682 684 689 690 691 695 696 698 699 700 701 702 703 704 705 706 707 708 709 710 711 712 713 714 715 716 717 718 719 720 721 722 723 724 725 726 727 728 729 730 731 732 733 734 735 736 737 738 739 740 741 742 743 744 745 747 748 749 750 751 752 753 754 755 756 757 758 759 760 763 764 765 766 767 768 769 770 771 772 773 775 776 777 778 780 781 782 783 784 785 786 787 788 789 791 794 795 797 798 799 800 801 802 803 804 805 806 807 808 809 810 811 812 813 814 816 817 818 819 820 821 822 823 824 825 826 827 828 829 830 831 832 833 834 835 836 837 838 839 840 841 842 843 844 845 846 847 848 849 850 851 852 853 854 855 856 857 858 859 860 861 862 863 864 865 866 867 868 871 872 873 874 875 876 877 879 881 884 885 886 888 890 893 894 895 896 899 900 901 902 903 904 905 906 907 908 909 911 912 913 914 916 917 919 921 922 923 924 925 926 927 929 930 933 938 940 942 943 944 945 946 947 948 949 950 951 952 953 954 955 956 957 958 960 961 962 963 964 965 966 967 968 969 970 971 972 973 974 975 976 977 978 979 980 981 982 983 984 985 987 988 989 990 991 992 993 994 995 996 997 998 999 1000 1001 1002 1003 1004 1005 1006 1007 1008 1009 1010 1011 1012 1013 1014 1015 1016 1017 1018 1019 1020 1022 1023 1024 1025 1026 1027 1028 1029 1030 1031 1032 1033 1034 1035 1036 1037 1038 1039 1040 1041 1042 1043 1044 1045 1046 1047 1048 1049 1050 1051 1052 1053 1054 1055 1056 1057 1058 1059 1060 1061 1062 1063 1064 1066 1067 1068 1069 1070 1071 1072 1073 1074 1075 1076 1077 1078 1079 1080 1081 1082 1083 1084 1085 1086 1087 1088 1089 1090 1091 1092 1093 1094 1095 1096 1097 1098 1099 1100 1101 1102 1104 1105 1106 1107 1108 1109 1110 1111 1112 1113 1114 1115 1116 1117 1118 1119 1120 1121 1122 1123 1124 1125 1126 1127 1128 1129 1130 1131 1132 1133 1134 1135 1136 1137 1138 1139 1140 1141 1142 1143 1144 1145 1146 1147 1148 1149 1150 1151 1152 1153 1154 1155 1156 1157 1158 1159 1160 1161 1162 1163 1164 1165 1166 1168 1169 1170 1171 1172 1173 1174 1175 1176 1177 1178 1179 1180 1181 1182 1183 1184 1185 1186 1187 1188 1189 1190 1191 1192 1193 1194 1195 1196 1197 1198 1199 1200 1201 1202 1203 1204 1205 1206 1207 1209 1210 1211 1212 1213 1214 1215 1216 1217 1218 1219 1220 1221 1222 1223 1224 1225 1226 1227 1228 1229 1230 1231 1232 1233 1234 1235 1236 1237 1238 1239 1241 1242 1243 1245 1246 1247 1249 1250 1251 1252 1253 1254 1255 1256 1257 1258 1259 1260 1261 1262 1263 1264 1265 1266 1267 1268 1269 1270 1271 1272 1273 1274 1275 1276 1277 1278 1279 1280 1281 1282 1283 1284 1285 1286 1287 1288 1289 1290 1291 1292 1293 1294 1295 1296 1297 1298 1299 1300 1301 1302 1303 1304 1305 1306 1307 1308 1311 1315 1316 1317 1318 1319 1320 1321 1322 1323 1324 1325 1327 1328 1329 1330 1331 1332 1333 1334 1335 1336 1337 1338 1339 1340 1341 1342 1343 1344 1345 1346 1347 1348 1349 1350 1352 1353 1354 1355 1356 1357 1358 1359 1360 1361 1362 1363 1364 1365 1366 1367 1368 1369 1370 1371 1372 1373 1374 1376 1377 1378 1379 1380 1381 1382 1383 1384 1385 1386 1387 1388 1389 1390 1391 1392 1393 1394 1395 1396 1397 1398 1399 1400 1401 1402 1403 1404 1405 1406 1407 1408 1409 1410 1411 1412 1413 1414 1415 1416 1417 1418 1419 1420 1421 1422 1423 1424 1425 1426 1427 1428 1429 1433 1434 1439 1441 1442 1443 1444 1445 1446 1448 1449 1451 1452 1453 1454 1455 1456 1457 1458 1459 1460 1461 1465 1468 1469 1470 1471 1472 1473 1474 1475 1477 1478 1480 1481 1482 1483 1484 1486 1487 1488 1489 1491 1492 1494 1496 1497 1498 1499 1500 1501 1502 1503 1504 1505 1507 1508 1509 1510 1511 1512 1513 1514 1515 1516 1517 1518 1519 1520 1521 1522 1523 1524 1525 1526 1527 1529 1530 1531 1532 1533 1534 1535 1536 1537 1538 1539 1540 1541 1542 1543 1544 1545 1546 1547 1548 1549 1550 1551 1553 1554 1555 1556 1557 1558 1559 1560 1561 1562 1563 1564 1565 1566 1567 1568 1569 1570 1571 1572 1573 1574 1575 1576 1577 1578 1579 1580 1581 1582 1583 1584 1585 1586 1587 1589 1590 1591 1592 1593 1594 1595 1596 1597 1598 1599 1600 1601 1602 1603 1604 1605 1606 1607 1608 1609 1610 1611 1612 1613 1614 1615 1616 1617 1618 1619 1620 1621 1622 1623 1624 1625 1626 1627 1628 1629 1630 1631 1633 1634 1636 1638 1643 1645 1647 1649 1650 1652 1653 1654 1656 1658 1659 1660 1661 1662 1663 1666 1669 1677 1679 1682 1683 1685 1686 1687 1688 1689 1690 1691 1692 1693 1694 1695 1696 1697 1698 1699 1700 1701 1702 1704 1705 1706 1707 1708 1709 1710 1711 1712 1713 1714 1715 1716 1717 1718 1719 1720 1721 1722 1723 1724 1725 1726 1727 1728 1729 1730 1731 1732 1733 1734 1735 1736 1737 1738 1739 1740 1741 1742 1743 1744 1745 1746 1747 1748 1749 1750 1751 1752 1753 1754 1755 1756 1757 1758 1759 1760 1762 1763 1764 1766 1767 1768 1769 1770 1771 1772 1773 1774 1775 1776 1777 1778 1779 1780 1781 1782 1783 1784 1785 1787 1788 1789 1790 1791 1799 1803 1804 1805 1808 1810 1811 1812 1813 1814 1815 1816 1817 1818 1819 1820 1821 1822 1823 1824 1825 1826 1827 1828 1829 1830 1831 1832 1833 1834 1835 1836 1837 1838 1839 1840 1841 1842 1843 1844 1845 1846 1847 1848 1849 1850 1851 1852 1853 1854 1855 1856 1857 1858 1859 1860 1861 1862 1863 1864 1865 1866 1867 1868 1869 1870 1871 1872 1873 1874 1875 1876 1877 1878 1879 1880 1881 1882 1883 1884 1885 1886 1887 1888 1889 1890 1891 1892 1893 1894 1897 1898 1899 1900 1901 1902 1903 1904 1905 1906 1907 1908 1909 1910 1911 1912 1914 1915 1916 1917 1952 1954 1955 1956 1957 1958 1959 1960 1961 1962 1963 1964 1965 1966 1967 1968 1969 1970 1971 1972 1973 1974 1975 1976 1977 1978 1979 1980 1981 1982 1983 1984 1986 1988 1989 1990 1991 1992 1997 ] 
 Partition 1 (170): [ 21 25 26 27 28 29 109 125 126 153 168 179 192 208 209 210 211 212 214 215 217 249 328 438 517 571 675 678 679 686 687 688 692 693 694 697 761 774 779 792 793 796 870 880 882 883 887 889 891 892 897 898 910 915 918 920 928 931 932 934 935 936 937 939 941 959 986 1103 1248 1310 1312 1313 1314 1375 1430 1431 1432 1435 1436 1437 1440 1447 1462 1463 1464 1466 1467 1479 1506 1528 1552 1588 1632 1639 1640 1642 1644 1648 1655 1657 1665 1668 1670 1671 1672 1673 1674 1675 1678 1680 1681 1684 1761 1786 1792 1793 1794 1795 1796 1797 1798 1800 1801 1802 1806 1807 1809 1895 1896 1918 1919 1920 1921 1922 1923 1924 1925 1926 1927 1928 1929 1930 1931 1932 1933 1934 1935 1936 1938 1939 1940 1941 1942 1943 1944 1945 1946 1947 1948 1949 1950 1951 1953 1985 1987 1993 1994 1996 1998 1999 ] 
 Partition 2 (23): [ 50 113 534 746 790 878 1021 1065 1208 1240 1309 1351 1438 1476 1485 1493 1635 1641 1646 1651 1676 1937 1995 ] 
 Partition 3 (11): [ 59 90 433 531 683 685 762 1326 1450 1637 1667 ] 
 Partition 4 (8): [ 869 1167 1244 1490 1495 1664 1703 1913 ] 
 Partition 5 (2): [ 815 1765 ] 
