0,1,-1
1276.0137,22883.0000,9510.0000,13373.0000,7,1,58079
1276.1272,22848.0000,9463.0000,13385.0000,7,1,116158
1276.2401,22813.0000,9416.0000,13397.0000,7,1,174237
1276.3540,22779.0000,9377.0000,13402.0000,7,1,232316
1276.4670,22745.0000,9341.0000,13404.0000,7,1,290395
1276.5798,22712.0000,9301.0000,13411.0000,7,1,348474
1276.6930,22680.0000,9303.0000,13377.0000,7,1,406553
1276.8059,22648.0000,9265.0000,13383.0000,7,1,464632
1276.9189,22618.0000,9223.0000,13395.0000,7,1,522711
1277.0319,22588.0000,9190.0000,13398.0000,7,1,580790
1277.1461,22558.0000,9156.0000,13402.0000,7,1,638869
1277.2598,22528.0000,9123.0000,13405.0000,7,1,696948
1277.3744,22499.0000,9125.0000,13374.0000,7,1,755027
1277.4885,22470.0000,9087.0000,13383.0000,7,1,813106
1277.6028,22441.0000,9049.0000,13392.0000,7,1,871185
1277.7167,22412.0000,9019.0000,13393.0000,7,1,929264
1277.8310,22384.0000,8989.0000,13395.0000,7,1,987343
1277.9450,22356.0000,8949.0000,13407.0000,7,1,1045422
1278.0593,22328.0000,8918.0000,13410.0000,7,1,1103501
1278.1729,22300.0000,8885.0000,13415.0000,7,1,1161580
1278.2870,22273.0000,8844.0000,13429.0000,7,1,1219659
1278.4012,22246.0000,8814.0000,13432.0000,7,1,1277738
1278.5155,22219.0000,8782.0000,13437.0000,7,1,1335817
1278.6298,22192.0000,8748.0000,13444.0000,7,1,1393896
1278.7438,22166.0000,8720.0000,13446.0000,7,1,1451975
1278.8579,22140.0000,8691.0000,13449.0000,7,1,1510054
1278.9718,22114.0000,8662.0000,13452.0000,7,1,1568133
1279.0863,22088.0000,8627.0000,13461.0000,7,1,1626212
1279.2002,22063.0000,8602.0000,13461.0000,7,1,1684291
1279.3145,22038.0000,8568.0000,13470.0000,7,1,1742370
1279.4285,22013.0000,8543.0000,13470.0000,7,1,1800449
1279.5427,21988.0000,8504.0000,13484.0000,7,1,1858528
1279.6566,21964.0000,8474.0000,13490.0000,7,1,1916607
1279.7707,21940.0000,8474.0000,13466.0000,7,1,1974686
1279.8848,21916.0000,8437.0000,13479.0000,7,1,2032765
1279.9989,21892.0000,8413.0000,13479.0000,7,1,2090844
1280.1135,21868.0000,8381.0000,13487.0000,7,1,2148923
1280.2275,21844.0000,8355.0000,13489.0000,7,1,2207002
1280.3414,21820.0000,8323.0000,13497.0000,7,1,2265081
1280.4548,21797.0000,8299.0000,13498.0000,7,1,2323160
1280.5677,21774.0000,8253.0000,13521.0000,7,1,2381239
1280.6809,21751.0000,8253.0000,13498.0000,7,1,2439318
1280.7934,21728.0000,8225.0000,13503.0000,7,1,2497397
1280.9063,21705.0000,8199.0000,13506.0000,7,1,2555476
1281.0190,21682.0000,8164.0000,13518.0000,7,1,2613555
1281.1321,21659.0000,8138.0000,13521.0000,7,1,2671634
1281.2455,21636.0000,8115.0000,13521.0000,7,1,2729713
1281.3585,21613.0000,8086.0000,13527.0000,7,1,2787792
1281.4716,21590.0000,8062.0000,13528.0000,7,1,2845871
1281.5843,21567.0000,8069.0000,13498.0000,7,1,2903950
1281.6980,21545.0000,8043.0000,13502.0000,7,1,2962029
1281.8110,21523.0000,8008.0000,13515.0000,7,1,3020108
1281.9240,21501.0000,7981.0000,13520.0000,7,1,3078187
1282.0368,21479.0000,7957.0000,13522.0000,7,1,3136266
1282.1495,21457.0000,7935.0000,13522.0000,7,1,3194345
1282.2624,21435.0000,7912.0000,13523.0000,7,1,3252424
1282.3751,21413.0000,7886.0000,13527.0000,7,1,3310503
1282.4880,21391.0000,7859.0000,13532.0000,7,1,3368582
1282.6010,21369.0000,7829.0000,13540.0000,7,1,3426661
1282.7140,21347.0000,7795.0000,13552.0000,7,1,3484740
1282.8272,21325.0000,7766.0000,13559.0000,7,1,3542819
1282.9400,21304.0000,7738.0000,13566.0000,7,1,3600898
1283.0529,21283.0000,7717.0000,13566.0000,7,1,3658977
1283.1659,21262.0000,7692.0000,13570.0000,7,1,3717056
1283.2787,21241.0000,7660.0000,13581.0000,7,1,3775135
1283.3915,21221.0000,7635.0000,13586.0000,7,1,3833214
1283.5045,21201.0000,7636.0000,13565.0000,7,1,3891293
1283.6174,21181.0000,7641.0000,13540.0000,7,1,3949372
1283.7303,21161.0000,7612.0000,13549.0000,7,1,4007451
1283.8431,21141.0000,7585.0000,13556.0000,7,1,4065530
1283.9574,21121.0000,7565.0000,13556.0000,7,1,4123609
1284.0702,21101.0000,7543.0000,13558.0000,7,1,4181688
1284.1827,21081.0000,7521.0000,13560.0000,7,1,4239767
1284.2952,21061.0000,7501.0000,13560.0000,7,1,4297846
1284.4083,21041.0000,7473.0000,13568.0000,7,1,4355925
1284.5215,21021.0000,7432.0000,13589.0000,7,1,4414004
1284.6346,21002.0000,7434.0000,13568.0000,7,1,4472083
1284.7475,20983.0000,7436.0000,13547.0000,7,1,4530162
1284.8606,20964.0000,7412.0000,13552.0000,7,1,4588241
1284.9738,20945.0000,7390.0000,13555.0000,7,1,4646320
1285.0866,20926.0000,7393.0000,13533.0000,7,1,4704399
1285.1994,20907.0000,7372.0000,13535.0000,7,1,4762478
1285.3123,20888.0000,7350.0000,13538.0000,7,1,4820557
1285.4252,20869.0000,7328.0000,13541.0000,7,1,4878636
1285.5382,20850.0000,7302.0000,13548.0000,7,1,4936715
1285.6511,20831.0000,7281.0000,13550.0000,7,1,4994794
1285.7636,20812.0000,7259.0000,13553.0000,7,1,5052873
1285.8763,20793.0000,7240.0000,13553.0000,7,1,5110952
1285.9888,20774.0000,7220.0000,13554.0000,7,1,5169031
1286.1015,20755.0000,7198.0000,13557.0000,7,1,5227110
1286.2141,20737.0000,7179.0000,13558.0000,7,1,5285189
1286.3266,20719.0000,7159.0000,13560.0000,7,1,5343268
1286.4390,20701.0000,7125.0000,13576.0000,7,1,5401347
1286.5516,20683.0000,7104.0000,13579.0000,7,1,5459426
1286.6644,20665.0000,7085.0000,13580.0000,7,1,5517505
1286.7769,20647.0000,7062.0000,13585.0000,7,1,5575584
1286.8896,20629.0000,7034.0000,13595.0000,7,1,5633663
1287.0022,20611.0000,6995.0000,13616.0000,7,1,5691742
1287.1149,20594.0000,7000.0000,13594.0000,7,1,5749821
1287.2275,20577.0000,7001.0000,13576.0000,7,1,5807900
1287.3400,20560.0000,6957.0000,13603.0000,7,1,5865979
1287.4529,20543.0000,6968.0000,13575.0000,7,1,5924058
1287.5653,20526.0000,6976.0000,13550.0000,7,1,5982137
1287.6781,20509.0000,6976.0000,13533.0000,7,1,6040216
1287.7907,20492.0000,6985.0000,13507.0000,7,1,6098295
1287.9032,20475.0000,6952.0000,13523.0000,7,1,6156374
1288.0156,20458.0000,6920.0000,13538.0000,7,1,6214453
1288.1291,20441.0000,6900.0000,13541.0000,7,1,6272532
1288.2420,20424.0000,6881.0000,13543.0000,7,1,6330611
1288.3552,20407.0000,6857.0000,13550.0000,7,1,6388690
1288.4677,20390.0000,6836.0000,13554.0000,7,1,6446769
1288.5805,20373.0000,6814.0000,13559.0000,7,1,6504848
1288.6935,20356.0000,6787.0000,13569.0000,7,1,6562927
1288.8062,20339.0000,6753.0000,13586.0000,7,1,6621006
1288.9187,20323.0000,6735.0000,13588.0000,7,1,6679085
1289.0313,20307.0000,6735.0000,13572.0000,7,1,6737164
1289.1441,20291.0000,6745.0000,13546.0000,7,1,6795243
1289.2566,20275.0000,6745.0000,13530.0000,7,1,6853322
1289.3696,20259.0000,6745.0000,13514.0000,7,1,6911401
1289.4826,20243.0000,6726.0000,13517.0000,7,1,6969480
1289.5951,20227.0000,6695.0000,13532.0000,7,1,7027559
1289.7081,20211.0000,6672.0000,13539.0000,7,1,7085638
1289.8206,20195.0000,6637.0000,13558.0000,7,1,7143717
1289.9332,20179.0000,6619.0000,13560.0000,7,1,7201796
1290.0459,20163.0000,6601.0000,13562.0000,7,1,7259875
1290.1589,20147.0000,6585.0000,13562.0000,7,1,7317954
1290.2715,20131.0000,6562.0000,13569.0000,7,1,7376033
1290.3842,20115.0000,6539.0000,13576.0000,7,1,7434112
1290.4968,20099.0000,6521.0000,13578.0000,7,1,7492191
1290.6094,20084.0000,6521.0000,13563.0000,7,1,7550270
1290.7219,20069.0000,6526.0000,13543.0000,7,1,7608349
1290.8344,20054.0000,6509.0000,13545.0000,7,1,7666428
1290.9469,20039.0000,6509.0000,13530.0000,7,1,7724507
1291.0596,20024.0000,6510.0000,13514.0000,7,1,7782586
1291.1723,20009.0000,6510.0000,13499.0000,7,1,7840665
1291.2855,19994.0000,6512.0000,13482.0000,7,1,7898744
1291.3981,19979.0000,6485.0000,13494.0000,7,1,7956823
1291.5107,19964.0000,6469.0000,13495.0000,7,1,8014902
1291.6235,19949.0000,6475.0000,13474.0000,7,1,8072981
1291.7363,19934.0000,6459.0000,13475.0000,7,1,8131060
1291.8490,19918.0000,6434.0000,13484.0000,7,1,8189139
1291.9616,19903.0000,6413.0000,13490.0000,7,1,8247218
1292.0741,19888.0000,6395.0000,13493.0000,7,1,8305297
1292.1869,19874.0000,6377.0000,13497.0000,7,1,8363376
1292.2994,19860.0000,6353.0000,13507.0000,7,1,8421455
1292.4120,19846.0000,6353.0000,13493.0000,7,1,8479534
1292.5248,19832.0000,6325.0000,13507.0000,7,1,8537613
1292.6375,19818.0000,6309.0000,13509.0000,7,1,8595692
1292.7499,19804.0000,6283.0000,13521.0000,7,1,8653771
1292.8625,19790.0000,6247.0000,13543.0000,7,1,8711850
1292.9749,19776.0000,6259.0000,13517.0000,7,1,8769929
1293.0877,19762.0000,6259.0000,13503.0000,7,1,8828008
1293.2003,19748.0000,6270.0000,13478.0000,7,1,8886087
1293.3130,19734.0000,6272.0000,13462.0000,7,1,8944166
1293.4255,19720.0000,6254.0000,13466.0000,7,1,9002245
1293.5384,19706.0000,6254.0000,13452.0000,7,1,9060324
1293.6511,19692.0000,6240.0000,13452.0000,7,1,9118403
1293.7636,19678.0000,6225.0000,13453.0000,7,1,9176482
1293.8761,19665.0000,6204.0000,13461.0000,7,1,9234561
1293.9887,19652.0000,6205.0000,13447.0000,7,1,9292640
1294.1012,19639.0000,6187.0000,13452.0000,7,1,9350719
1294.2138,19626.0000,6195.0000,13431.0000,7,1,9408798
1294.3262,19612.0000,6177.0000,13435.0000,7,1,9466877
1294.4388,19599.0000,6194.0000,13405.0000,7,1,9524956
1294.5516,19586.0000,6139.0000,13447.0000,7,1,9583035
1294.6644,19571.0000,6095.0000,13476.0000,7,1,9641114
1294.7771,19557.0000,6074.0000,13483.0000,7,1,9699193
1294.8897,19544.0000,6051.0000,13493.0000,7,1,9757272
1295.0023,19531.0000,6028.0000,13503.0000,7,1,9815351
1295.1154,19518.0000,6013.0000,13505.0000,7,1,9873430
1295.2280,19505.0000,5996.0000,13509.0000,7,1,9931509
1295.3405,19492.0000,5979.0000,13513.0000,7,1,9989588
1295.4529,19479.0000,5962.0000,13517.0000,7,1,10047667
1295.5653,19466.0000,5927.0000,13539.0000,7,1,10105746
1295.6779,19453.0000,5914.0000,13539.0000,7,1,10163825
1295.7903,19440.0000,5883.0000,13557.0000,7,1,10221904
1295.9026,19428.0000,5884.0000,13544.0000,7,1,10279983
1296.0152,19416.0000,5895.0000,13521.0000,7,1,10338062
1296.1277,19404.0000,5857.0000,13547.0000,7,1,10396141
1296.2403,19391.0000,5863.0000,13528.0000,7,1,10454220
1296.3526,19379.0000,5842.0000,13537.0000,7,1,10512299
1296.4652,19367.0000,5842.0000,13525.0000,7,1,10570378
1296.5778,19355.0000,5842.0000,13513.0000,7,1,10628457
1296.6903,19343.0000,5827.0000,13516.0000,7,1,10686536
1296.8026,19331.0000,5838.0000,13493.0000,7,1,10744615
1296.9151,19319.0000,5840.0000,13479.0000,7,1,10802694
1297.0276,19307.0000,5841.0000,13466.0000,7,1,10860773
1297.1404,19295.0000,5842.0000,13453.0000,7,1,10918852
1297.2528,19283.0000,5851.0000,13432.0000,7,1,10976931
1297.3654,19271.0000,5851.0000,13420.0000,7,1,11035010
1297.4780,19259.0000,5852.0000,13407.0000,7,1,11093089
1297.5904,19246.0000,5822.0000,13424.0000,7,1,11151168
1297.7030,19234.0000,5821.0000,13413.0000,7,1,11209247
1297.8154,19222.0000,5807.0000,13415.0000,7,1,11267326
1297.9278,19210.0000,5787.0000,13423.0000,7,1,11325405
1298.0403,19198.0000,5769.0000,13429.0000,7,1,11383484
1298.1529,19186.0000,5756.0000,13430.0000,7,1,11441563
1298.2653,19174.0000,5737.0000,13437.0000,7,1,11499642
1298.3777,19162.0000,5745.0000,13417.0000,7,1,11557721
1298.4901,19150.0000,5730.0000,13420.0000,7,1,11615800
1298.6023,19138.0000,5710.0000,13428.0000,7,1,11673879
1298.7149,19126.0000,5691.0000,13435.0000,7,1,11731958
1298.8272,19114.0000,5675.0000,13439.0000,7,1,11790037
1298.9395,19102.0000,5634.0000,13468.0000,7,1,11848116
1299.0519,19090.0000,5618.0000,13472.0000,7,1,11906195
1299.1643,19078.0000,5589.0000,13489.0000,7,1,11964274
1299.2764,19066.0000,5574.0000,13492.0000,7,1,12022353
1299.3890,19055.0000,5586.0000,13469.0000,7,1,12080432
1299.5014,19044.0000,5601.0000,13443.0000,7,1,12138511
1299.6136,19033.0000,5582.0000,13451.0000,7,1,12196590
1299.7262,19022.0000,5594.0000,13428.0000,7,1,12254669
1299.8387,19010.0000,5581.0000,13429.0000,7,1,12312748
1299.9505,18999.0000,5558.0000,13441.0000,7,1,12370827
1300.0630,18988.0000,5536.0000,13452.0000,7,1,12428906
1300.1754,18977.0000,5505.0000,13472.0000,7,1,12486985
1300.2879,18966.0000,5506.0000,13460.0000,7,1,12545064
1300.4003,18955.0000,5508.0000,13447.0000,7,1,12603143
1300.5130,18944.0000,5508.0000,13436.0000,7,1,12661222
1300.6253,18933.0000,5495.0000,13438.0000,7,1,12719301
1300.7378,18922.0000,5497.0000,13425.0000,7,1,12777380
1300.8499,18911.0000,5499.0000,13412.0000,7,1,12835459
1300.9623,18900.0000,5499.0000,13401.0000,7,1,12893538
1301.0748,18889.0000,5449.0000,13440.0000,7,1,12951617
1301.1874,18878.0000,5455.0000,13423.0000,7,1,13009696
1301.2998,18867.0000,5457.0000,13410.0000,7,1,13067775
1301.4119,18856.0000,5458.0000,13398.0000,7,1,13125854
1301.5243,18845.0000,5460.0000,13385.0000,7,1,13183933
1301.6368,18834.0000,5460.0000,13374.0000,7,1,13242012
1301.7490,18823.0000,5460.0000,13363.0000,7,1,13300091
1301.8614,18812.0000,5460.0000,13352.0000,7,1,13358170
1301.9735,18801.0000,5446.0000,13355.0000,7,1,13416249
1302.0860,18790.0000,5429.0000,13361.0000,7,1,13474328
1302.1985,18779.0000,5419.0000,13360.0000,7,1,13532407
1302.3108,18768.0000,5407.0000,13361.0000,7,1,13590486
1302.4229,18757.0000,5394.0000,13363.0000,7,1,13648565
1302.5353,18746.0000,5394.0000,13352.0000,7,1,13706644
1302.6479,18735.0000,5379.0000,13356.0000,7,1,13764723
1302.7602,18724.0000,5364.0000,13360.0000,7,1,13822802
1302.8725,18713.0000,5351.0000,13362.0000,7,1,13880881
1302.9850,18703.0000,5354.0000,13349.0000,7,1,13938960
1303.0973,18693.0000,5362.0000,13331.0000,7,1,13997039
1303.2096,18683.0000,5323.0000,13360.0000,7,1,14055118
1303.3220,18673.0000,5325.0000,13348.0000,7,1,14113197
1303.4344,18663.0000,5300.0000,13363.0000,7,1,14171276
1303.5467,18653.0000,5301.0000,13352.0000,7,1,14229355
1303.6592,18643.0000,5300.0000,13343.0000,7,1,14287434
1303.7716,18633.0000,5268.0000,13365.0000,7,1,14345513
1303.8841,18623.0000,5268.0000,13355.0000,7,1,14403592
1303.9965,18613.0000,5270.0000,13343.0000,7,1,14461671
1304.1089,18603.0000,5271.0000,13332.0000,7,1,14519750
1304.2213,18593.0000,5250.0000,13343.0000,7,1,14577829
1304.3338,18583.0000,5252.0000,13331.0000,7,1,14635908
1304.4464,18573.0000,5261.0000,13312.0000,7,1,14693987
1304.5589,18563.0000,5261.0000,13302.0000,7,1,14752066
1304.6721,18553.0000,5262.0000,13291.0000,7,1,14810145
1304.7846,18543.0000,5267.0000,13276.0000,7,1,14868224
1304.8970,18533.0000,5280.0000,13253.0000,7,1,14926303
1305.0096,18523.0000,5281.0000,13242.0000,7,1,14984382
1305.1279,18513.0000,5281.0000,13232.0000,7,1,15042461
1305.2471,18503.0000,5284.0000,13219.0000,7,1,15100540
1305.3649,18493.0000,5284.0000,13209.0000,7,1,15158619
1305.4842,18482.0000,5235.0000,13247.0000,7,1,15216698
1305.6018,18471.0000,5239.0000,13232.0000,7,1,15274777
1305.7199,18460.0000,5209.0000,13251.0000,7,1,15332856
1305.8379,18449.0000,5169.0000,13280.0000,7,1,15390935
1305.9550,18439.0000,5169.0000,13270.0000,7,1,15449014
1306.0734,18429.0000,5186.0000,13243.0000,7,1,15507093
1306.1931,18419.0000,5186.0000,13233.0000,7,1,15565172
1306.3075,18409.0000,5186.0000,13223.0000,7,1,15623251
1306.4206,18399.0000,5173.0000,13226.0000,7,1,15681330
1306.5332,18389.0000,5157.0000,13232.0000,7,1,15739409
1306.6461,18379.0000,5147.0000,13232.0000,7,1,15797488
1306.7641,18369.0000,5136.0000,13233.0000,7,1,15855567
1306.8813,18359.0000,5123.0000,13236.0000,7,1,15913646
1307.0018,18349.0000,5112.0000,13237.0000,7,1,15971725
1307.1191,18339.0000,5098.0000,13241.0000,7,1,16029804
1307.2339,18329.0000,5088.0000,13241.0000,7,1,16087883
1307.3522,18319.0000,5075.0000,13244.0000,7,1,16145962
1307.4657,18309.0000,5064.0000,13245.0000,7,1,16204041
1307.5835,18299.0000,5052.0000,13247.0000,7,1,16262120
1307.6972,18289.0000,5034.0000,13255.0000,7,1,16320199
1307.8098,18279.0000,5011.0000,13268.0000,7,1,16378278
1307.9260,18269.0000,4987.0000,13282.0000,7,1,16436357
1308.0429,18259.0000,4973.0000,13286.0000,7,1,16494436
1308.1624,18249.0000,4949.0000,13300.0000,7,1,16552515
1308.2813,18239.0000,4949.0000,13290.0000,7,1,16610594
1308.3980,18230.0000,4950.0000,13280.0000,7,1,16668673
1308.5159,18221.0000,4928.0000,13293.0000,7,1,16726752
1308.6298,18212.0000,4945.0000,13267.0000,7,1,16784831
1308.7470,18202.0000,4918.0000,13284.0000,7,1,16842910
1308.8626,18192.0000,4900.0000,13292.0000,7,1,16900989
1308.9774,18183.0000,4903.0000,13280.0000,7,1,16959068
1309.0934,18174.0000,4903.0000,13271.0000,7,1,17017147
1309.2078,18165.0000,4906.0000,13259.0000,7,1,17075226
1309.3253,18156.0000,4906.0000,13250.0000,7,1,17133305
1309.4451,18147.0000,4907.0000,13240.0000,7,1,17191384
1309.5597,18137.0000,4895.0000,13242.0000,7,1,17249463
1309.6727,18128.0000,4895.0000,13233.0000,7,1,17307542
1309.7852,18119.0000,4896.0000,13223.0000,7,1,17365621
1309.9000,18110.0000,4885.0000,13225.0000,7,1,17423700
1310.0171,18101.0000,4886.0000,13215.0000,7,1,17481779
1310.1393,18092.0000,4875.0000,13217.0000,7,1,17539858
1310.2546,18083.0000,4865.0000,13218.0000,7,1,17597937
1310.3671,18074.0000,4851.0000,13223.0000,7,1,17656016
1310.4792,18065.0000,4858.0000,13207.0000,7,1,17714095
1310.5918,18056.0000,4846.0000,13210.0000,7,1,17772174
1310.7112,18047.0000,4848.0000,13199.0000,7,1,17830253
1310.8295,18038.0000,4837.0000,13201.0000,7,1,17888332
1310.9508,18029.0000,4822.0000,13207.0000,7,1,17946411
1311.0720,18020.0000,4823.0000,13197.0000,7,1,18004490
1311.1869,18011.0000,4849.0000,13162.0000,7,1,18062569
1311.3057,18002.0000,4813.0000,13189.0000,7,1,18120648
1311.4202,17993.0000,4813.0000,13180.0000,7,1,18178727
1311.5333,17984.0000,4814.0000,13170.0000,7,1,18236806
1311.6514,17975.0000,4799.0000,13176.0000,7,1,18294885
1311.7678,17966.0000,4800.0000,13166.0000,7,1,18352964
1311.8838,17957.0000,4802.0000,13155.0000,7,1,18411043
1312.0024,17948.0000,4787.0000,13161.0000,7,1,18469122
1312.1192,17939.0000,4759.0000,13180.0000,7,1,18527201
1312.2369,17930.0000,4744.0000,13186.0000,7,1,18585280
1312.3531,17921.0000,4747.0000,13174.0000,7,1,18643359
1312.4693,17912.0000,4748.0000,13164.0000,7,1,18701438
1312.5852,17903.0000,4734.0000,13169.0000,7,1,18759517
1312.6987,17894.0000,4734.0000,13160.0000,7,1,18817596
1312.8119,17885.0000,4735.0000,13150.0000,7,1,18875675
1312.9242,17876.0000,4735.0000,13141.0000,7,1,18933754
1313.0364,17867.0000,4679.0000,13188.0000,7,1,18991833
1313.1529,17858.0000,4683.0000,13175.0000,7,1,19049912
1313.2678,17849.0000,4686.0000,13163.0000,7,1,19107991
1313.3884,17840.0000,4687.0000,13153.0000,7,1,19166070
1313.5069,17831.0000,4688.0000,13143.0000,7,1,19224149
1313.6270,17822.0000,4688.0000,13134.0000,7,1,19282228
1313.7438,17813.0000,4691.0000,13122.0000,7,1,19340307
1313.8564,17804.0000,4704.0000,13100.0000,7,1,19398386
1313.9688,17795.0000,4706.0000,13089.0000,7,1,19456465
1314.0814,17786.0000,4707.0000,13079.0000,7,1,19514544
1314.1938,17777.0000,4709.0000,13068.0000,7,1,19572623
1314.3064,17768.0000,4686.0000,13082.0000,7,1,19630702
1314.4186,17760.0000,4689.0000,13071.0000,7,1,19688781
1314.5309,17752.0000,4680.0000,13072.0000,7,1,19746860
1314.6437,17744.0000,4671.0000,13073.0000,7,1,19804939
1314.7567,17736.0000,4671.0000,13065.0000,7,1,19863018
1314.8692,17728.0000,4672.0000,13056.0000,7,1,19921097
1314.9817,17720.0000,4672.0000,13048.0000,7,1,19979176
1315.0944,17712.0000,4673.0000,13039.0000,7,1,20037255
1315.2068,17704.0000,4662.0000,13042.0000,7,1,20095334
1315.3194,17696.0000,4652.0000,13044.0000,7,1,20153413
1315.4318,17688.0000,4653.0000,13035.0000,7,1,20211492
1315.5441,17680.0000,4633.0000,13047.0000,7,1,20269571
1315.6568,17672.0000,4624.0000,13048.0000,7,1,20327650
1315.7693,17664.0000,4624.0000,13040.0000,7,1,20385729
1315.8816,17656.0000,4613.0000,13043.0000,7,1,20443808
1315.9938,17647.0000,4613.0000,13034.0000,7,1,20501887
1316.1065,17639.0000,4603.0000,13036.0000,7,1,20559966
1316.2190,17631.0000,4603.0000,13028.0000,7,1,20618045
1316.3317,17623.0000,4608.0000,13015.0000,7,1,20676124
1316.4440,17615.0000,4608.0000,13007.0000,7,1,20734203
1316.5563,17607.0000,4611.0000,12996.0000,7,1,20792282
1316.6690,17598.0000,4597.0000,13001.0000,7,1,20850361
1316.7828,17590.0000,4597.0000,12993.0000,7,1,20908440
1316.8987,17582.0000,4600.0000,12982.0000,7,1,20966519
1317.0124,17574.0000,4601.0000,12973.0000,7,1,21024598
1317.1321,17566.0000,4602.0000,12964.0000,7,1,21082677
1317.2569,17558.0000,4603.0000,12955.0000,7,1,21140756
1317.3693,17550.0000,4594.0000,12956.0000,7,1,21198835
1317.4817,17542.0000,4596.0000,12946.0000,7,1,21256914
1317.5937,17534.0000,4597.0000,12937.0000,7,1,21314993
1317.7064,17526.0000,4604.0000,12922.0000,7,1,21373072
1317.8187,17518.0000,4604.0000,12914.0000,7,1,21431151
1317.9309,17510.0000,4606.0000,12904.0000,7,1,21489230
1318.0429,17502.0000,4584.0000,12918.0000,7,1,21547309
1318.1552,17494.0000,4589.0000,12905.0000,7,1,21605388
1318.2675,17486.0000,4590.0000,12896.0000,7,1,21663467
1318.3797,17478.0000,4592.0000,12886.0000,7,1,21721546
1318.4916,17470.0000,4581.0000,12889.0000,7,1,21779625
1318.6036,17462.0000,4571.0000,12891.0000,7,1,21837704
1318.7163,17454.0000,4560.0000,12894.0000,7,1,21895783
1318.8288,17446.0000,4551.0000,12895.0000,7,1,21953862
1318.9411,17438.0000,4542.0000,12896.0000,7,1,22011941
1319.0535,17430.0000,4525.0000,12905.0000,7,1,22070020
1319.1662,17422.0000,4514.0000,12908.0000,7,1,22128099
1319.2830,17414.0000,4505.0000,12909.0000,7,1,22186178
1319.4004,17406.0000,4497.0000,12909.0000,7,1,22244257
1319.5127,17398.0000,4471.0000,12927.0000,7,1,22302336
1319.6247,17390.0000,4461.0000,12929.0000,7,1,22360415
1319.7407,17382.0000,4449.0000,12933.0000,7,1,22418494
1319.8588,17374.0000,4434.0000,12940.0000,7,1,22476573
1319.9711,17366.0000,4403.0000,12963.0000,7,1,22534652
1320.0833,17359.0000,4403.0000,12956.0000,7,1,22592731
1320.1955,17352.0000,4364.0000,12988.0000,7,1,22650810
1320.3078,17344.0000,4369.0000,12975.0000,7,1,22708889
1320.4218,17336.0000,4342.0000,12994.0000,7,1,22766968
1320.5338,17329.0000,4333.0000,12996.0000,7,1,22825047
1320.6469,17322.0000,4336.0000,12986.0000,7,1,22883126
1320.7641,17315.0000,4344.0000,12971.0000,7,1,22941205
1320.8824,17308.0000,4348.0000,12960.0000,7,1,22999284
1320.9973,17301.0000,4349.0000,12952.0000,7,1,23057363
1321.1095,17294.0000,4349.0000,12945.0000,7,1,23115442
1321.2235,17287.0000,4350.0000,12937.0000,7,1,23173521
1321.3433,17280.0000,4350.0000,12930.0000,7,1,23231600
1321.4611,17273.0000,4352.0000,12921.0000,7,1,23289679
1321.5768,17266.0000,4337.0000,12929.0000,7,1,23347758
1321.6958,17259.0000,4338.0000,12921.0000,7,1,23405837
1321.8149,17252.0000,4338.0000,12914.0000,7,1,23463916
1321.9324,17245.0000,4330.0000,12915.0000,7,1,23521995
1322.0477,17238.0000,4333.0000,12905.0000,7,1,23580074
1322.1604,17231.0000,4333.0000,12898.0000,7,1,23638153
1322.2733,17224.0000,4334.0000,12890.0000,7,1,23696232
1322.3857,17217.0000,4335.0000,12882.0000,7,1,23754311
1322.4983,17209.0000,4323.0000,12886.0000,7,1,23812390
1322.6120,17202.0000,4323.0000,12879.0000,7,1,23870469
1322.7252,17195.0000,4315.0000,12880.0000,7,1,23928548
1322.8378,17188.0000,4316.0000,12872.0000,7,1,23986627
1322.9505,17181.0000,4317.0000,12864.0000,7,1,24044706
1323.0630,17174.0000,4301.0000,12873.0000,7,1,24102785
1323.1755,17167.0000,4293.0000,12874.0000,7,1,24160864
1323.2882,17160.0000,4284.0000,12876.0000,7,1,24218943
1323.4007,17153.0000,4276.0000,12877.0000,7,1,24277022
1323.5134,17146.0000,4284.0000,12862.0000,7,1,24335101
1323.6259,17139.0000,4285.0000,12854.0000,7,1,24393180
1323.7386,17132.0000,4274.0000,12858.0000,7,1,24451259
1323.8514,17125.0000,4287.0000,12838.0000,7,1,24509338
1323.9637,17118.0000,4279.0000,12839.0000,7,1,24567417
1324.0766,17111.0000,4288.0000,12823.0000,7,1,24625496
1324.1891,17104.0000,4292.0000,12812.0000,7,1,24683575
1324.3019,17097.0000,4292.0000,12805.0000,7,1,24741654
1324.4145,17090.0000,4294.0000,12796.0000,7,1,24799733
1324.5273,17083.0000,4294.0000,12789.0000,7,1,24857812
1324.6400,17076.0000,4295.0000,12781.0000,7,1,24915891
1324.7528,17069.0000,4288.0000,12781.0000,7,1,24973970
1324.8666,17062.0000,4289.0000,12773.0000,7,1,25032049
1324.9818,17055.0000,4297.0000,12758.0000,7,1,25090128
1325.0960,17048.0000,4286.0000,12762.0000,7,1,25148207
1325.2096,17041.0000,4277.0000,12764.0000,7,1,25206286
1325.3226,17034.0000,4267.0000,12767.0000,7,1,25264365
1325.4352,17027.0000,4275.0000,12752.0000,7,1,25322444
1325.5479,17020.0000,4263.0000,12757.0000,7,1,25380523
1325.6618,17013.0000,4254.0000,12759.0000,7,1,25438602
1325.7743,17006.0000,4255.0000,12751.0000,7,1,25496681
1325.8867,16999.0000,4234.0000,12765.0000,7,1,25554760
1325.9991,16991.0000,4241.0000,12750.0000,7,1,25612839
1326.1118,16984.0000,4242.0000,12742.0000,7,1,25670918
1326.2243,16977.0000,4249.0000,12728.0000,7,1,25728997
1326.3369,16970.0000,4216.0000,12754.0000,7,1,25787076
1326.4487,16962.0000,4217.0000,12745.0000,7,1,25845155
1326.5612,16955.0000,4197.0000,12758.0000,7,1,25903234
1326.6735,16948.0000,4198.0000,12750.0000,7,1,25961313
1326.7860,16941.0000,4198.0000,12743.0000,7,1,26019392
1326.9016,16934.0000,4199.0000,12735.0000,7,1,26077471
1327.0154,16927.0000,4199.0000,12728.0000,7,1,26135550
1327.1296,16920.0000,4201.0000,12719.0000,7,1,26193629
1327.2436,16913.0000,4203.0000,12710.0000,7,1,26251708
1327.3576,16906.0000,4206.0000,12700.0000,7,1,26309787
1327.4716,16899.0000,4206.0000,12693.0000,7,1,26367866
1327.5855,16892.0000,4208.0000,12684.0000,7,1,26425945
1327.6993,16885.0000,4208.0000,12677.0000,7,1,26484024
1327.8134,16878.0000,4199.0000,12679.0000,7,1,26542103
1327.9276,16871.0000,4201.0000,12670.0000,7,1,26600182
1328.0414,16864.0000,4203.0000,12661.0000,7,1,26658261
1328.1580,16857.0000,4204.0000,12653.0000,7,1,26716340
1328.3295,16850.0000,4182.0000,12668.0000,7,1,26774419
1328.4618,16843.0000,4175.0000,12668.0000,7,1,26832498
1328.5803,16837.0000,4161.0000,12676.0000,7,1,26890577
1328.6941,16831.0000,4125.0000,12706.0000,7,1,26948656
1328.8082,16824.0000,4127.0000,12697.0000,7,1,27006735
1328.9223,16818.0000,4129.0000,12689.0000,7,1,27064814
1329.0429,16812.0000,4122.0000,12690.0000,7,1,27122893
1329.1657,16806.0000,4123.0000,12683.0000,7,1,27180972
1329.2929,16800.0000,4114.0000,12686.0000,7,1,27239051
1329.4077,16793.0000,4115.0000,12678.0000,7,1,27297130
1329.5217,16787.0000,4118.0000,12669.0000,7,1,27355209
1329.6371,16781.0000,4112.0000,12669.0000,7,1,27413288
1329.7539,16775.0000,4101.0000,12674.0000,7,1,27471367
1329.8680,16769.0000,4113.0000,12656.0000,7,1,27529446
1329.9861,16763.0000,4089.0000,12674.0000,7,1,27587525
1330.1024,16757.0000,4075.0000,12682.0000,7,1,27645604
1330.2195,16751.0000,4092.0000,12659.0000,7,1,27703683
1330.3372,16745.0000,4133.0000,12612.0000,7,1,27761762
1330.4513,16739.0000,4134.0000,12605.0000,7,1,27819841
1330.5647,16733.0000,4134.0000,12599.0000,7,1,27877920
1330.6789,16727.0000,4140.0000,12587.0000,7,1,27935999
1330.7934,16721.0000,4133.0000,12588.0000,7,1,27994078
1330.9080,16715.0000,4134.0000,12581.0000,7,1,28052157
1331.0280,16709.0000,4136.0000,12573.0000,7,1,28110236
1331.1644,16703.0000,4137.0000,12566.0000,7,1,28168315
1331.2817,16697.0000,4131.0000,12566.0000,7,1,28226394
1331.3985,16691.0000,4134.0000,12557.0000,7,1,28284473
1331.5157,16685.0000,4136.0000,12549.0000,7,1,28342552
1331.6357,16679.0000,4137.0000,12542.0000,7,1,28400631
1331.7546,16673.0000,4140.0000,12533.0000,7,1,28458710
1331.8726,16667.0000,4140.0000,12527.0000,7,1,28516789
1331.9899,16661.0000,4140.0000,12521.0000,7,1,28574868
1332.1057,16655.0000,4141.0000,12514.0000,7,1,28632947
1332.2183,16649.0000,4142.0000,12507.0000,7,1,28691026
1332.3335,16643.0000,4142.0000,12501.0000,7,1,28749105
1332.4521,16637.0000,4136.0000,12501.0000,7,1,28807184
1332.5707,16631.0000,4136.0000,12495.0000,7,1,28865263
1332.6852,16625.0000,4145.0000,12480.0000,7,1,28923342
1332.8089,16619.0000,4145.0000,12474.0000,7,1,28981421
1332.9262,16613.0000,4145.0000,12468.0000,7,1,29039500
1333.0413,16607.0000,4147.0000,12460.0000,7,1,29097579
1333.1575,16601.0000,4139.0000,12462.0000,7,1,29155658
1333.2729,16595.0000,4139.0000,12456.0000,7,1,29213737
1333.3860,16589.0000,4140.0000,12449.0000,7,1,29271816
1333.4987,16583.0000,4140.0000,12443.0000,7,1,29329895
1333.6132,16577.0000,4145.0000,12432.0000,7,1,29387974
1333.7292,16571.0000,4145.0000,12426.0000,7,1,29446053
1333.8438,16565.0000,4145.0000,12420.0000,7,1,29504132
1333.9627,16559.0000,4147.0000,12412.0000,7,1,29562211
1334.0828,16552.0000,4155.0000,12397.0000,7,1,29620290
1334.2006,16546.0000,4156.0000,12390.0000,7,1,29678369
1334.3153,16540.0000,4161.0000,12379.0000,7,1,29736448
1334.4314,16534.0000,4161.0000,12373.0000,7,1,29794527
1334.5503,16528.0000,4161.0000,12367.0000,7,1,29852606
1334.6656,16522.0000,4163.0000,12359.0000,7,1,29910685
1334.7794,16516.0000,4166.0000,12350.0000,7,1,29968764
1334.8935,16510.0000,4156.0000,12354.0000,7,1,30026843
1335.0123,16504.0000,4156.0000,12348.0000,7,1,30084922
1335.1307,16498.0000,4148.0000,12350.0000,7,1,30143001
1335.2475,16492.0000,4151.0000,12341.0000,7,1,30201080
1335.3729,16486.0000,4226.0000,12260.0000,7,1,30259159
1335.5052,16480.0000,4217.0000,12263.0000,7,1,30317238
1335.6269,16474.0000,4217.0000,12257.0000,7,1,30375317
1335.7432,16468.0000,4219.0000,12249.0000,7,1,30433396
1335.8589,16461.0000,4208.0000,12253.0000,7,1,30491475
1335.9768,16455.0000,4228.0000,12227.0000,7,1,30549554
1336.0952,16449.0000,4237.0000,12212.0000,7,1,30607633
1336.2174,16443.0000,4237.0000,12206.0000,7,1,30665712
1336.3483,16437.0000,4242.0000,12195.0000,7,1,30723791
1336.5034,16431.0000,4243.0000,12188.0000,7,1,30781870
1336.6266,16425.0000,4226.0000,12199.0000,7,1,30839949
1336.7480,16419.0000,4229.0000,12190.0000,7,1,30898028
1336.8670,16413.0000,4199.0000,12214.0000,7,1,30956107
1336.9888,16407.0000,4198.0000,12209.0000,7,1,31014186
1337.1104,16401.0000,4199.0000,12202.0000,7,1,31072265
1337.2315,16395.0000,4207.0000,12188.0000,7,1,31130344
1337.3546,16389.0000,4207.0000,12182.0000,7,1,31188423
1337.4768,16383.0000,4206.0000,12177.0000,7,1,31246502
1337.5965,16377.0000,4206.0000,12171.0000,7,1,31304581
1337.7191,16371.0000,4206.0000,12165.0000,7,1,31362660
1337.8371,16365.0000,4197.0000,12168.0000,7,1,31420739
1337.9533,16359.0000,4189.0000,12170.0000,7,1,31478818
1338.0725,16353.0000,4189.0000,12164.0000,7,1,31536897
1338.1895,16347.0000,4174.0000,12173.0000,7,1,31594976
1338.3097,16342.0000,4168.0000,12174.0000,7,1,31653055
1338.4272,16337.0000,4168.0000,12169.0000,7,1,31711134
1338.5463,16332.0000,4169.0000,12163.0000,7,1,31769213
1338.6624,16327.0000,4156.0000,12171.0000,7,1,31827292
1338.7771,16321.0000,4159.0000,12162.0000,7,1,31885371
1338.8948,16316.0000,4121.0000,12195.0000,7,1,31943450
1339.0134,16311.0000,4121.0000,12190.0000,7,1,32001529
1339.1328,16306.0000,4121.0000,12185.0000,7,1,32059608
1339.2508,16300.0000,4115.0000,12185.0000,7,1,32117687
1339.3696,16295.0000,4102.0000,12193.0000,7,1,32175766
1339.4882,16289.0000,4102.0000,12187.0000,7,1,32233845
1339.6077,16283.0000,4087.0000,12196.0000,7,1,32291924
1339.7264,16278.0000,4087.0000,12191.0000,7,1,32350003
1339.8450,16273.0000,4088.0000,12185.0000,7,1,32408082
1339.9635,16268.0000,4099.0000,12169.0000,7,1,32466161
1340.0827,16263.0000,4093.0000,12170.0000,7,1,32524240
1340.2017,16258.0000,4093.0000,12165.0000,7,1,32582319
1340.3182,16253.0000,4093.0000,12160.0000,7,1,32640398
1340.4331,16248.0000,4087.0000,12161.0000,7,1,32698477
1340.5504,16243.0000,4082.0000,12161.0000,7,1,32756556
1340.6694,16238.0000,4082.0000,12156.0000,7,1,32814635
1340.7882,16233.0000,4082.0000,12151.0000,7,1,32872714
1340.9117,16228.0000,4075.0000,12153.0000,7,1,32930793
1341.0321,16223.0000,4076.0000,12147.0000,7,1,32988872
1341.1533,16218.0000,4027.0000,12191.0000,7,1,33046951
1341.2742,16212.0000,4035.0000,12177.0000,7,1,33105030
1341.3938,16207.0000,4035.0000,12172.0000,7,1,33163109
1341.5149,16202.0000,4028.0000,12174.0000,7,1,33221188
1341.6350,16197.0000,4028.0000,12169.0000,7,1,33279267
1341.7531,16192.0000,4028.0000,12164.0000,7,1,33337346
1341.8672,16187.0000,4020.0000,12167.0000,7,1,33395425
1341.9880,16182.0000,4020.0000,12162.0000,7,1,33453504
1342.1161,16177.0000,4021.0000,12156.0000,7,1,33511583
1342.2493,16172.0000,4021.0000,12151.0000,7,1,33569662
1342.3760,16167.0000,4021.0000,12146.0000,7,1,33627741
1342.4926,16162.0000,4023.0000,12139.0000,7,1,33685820
1342.6103,16157.0000,4025.0000,12132.0000,7,1,33743899
1342.7271,16152.0000,4019.0000,12133.0000,7,1,33801978
1342.8483,16147.0000,4020.0000,12127.0000,7,1,33860057
1342.9914,16142.0000,4020.0000,12122.0000,7,1,33918136
1343.1414,16137.0000,4021.0000,12116.0000,7,1,33976215
1343.2660,16132.0000,4021.0000,12111.0000,7,1,34034294
1343.3866,16127.0000,4021.0000,12106.0000,7,1,34092373
1343.5085,16122.0000,4031.0000,12091.0000,7,1,34150452
1343.6311,16117.0000,4017.0000,12100.0000,7,1,34208531
1343.7515,16111.0000,4018.0000,12093.0000,7,1,34266610
1343.8715,16106.0000,4019.0000,12087.0000,7,1,34324689
1343.9919,16101.0000,4019.0000,12082.0000,7,1,34382768
1344.1123,16096.0000,4014.0000,12082.0000,7,1,34440847
1344.2332,16091.0000,4014.0000,12077.0000,7,1,34498926
1344.3533,16086.0000,4030.0000,12056.0000,7,1,34557005
1344.4735,16081.0000,4030.0000,12051.0000,7,1,34615084
1344.6011,16076.0000,4030.0000,12046.0000,7,1,34673163
1344.7213,16071.0000,4025.0000,12046.0000,7,1,34731242
1344.8484,16066.0000,4026.0000,12040.0000,7,1,34789321
1344.9696,16061.0000,4040.0000,12021.0000,7,1,34847400
1345.0845,16056.0000,4040.0000,12016.0000,7,1,34905479
1345.1996,16051.0000,4041.0000,12010.0000,7,1,34963558
1345.3153,16046.0000,4042.0000,12004.0000,7,1,35021637
1345.4310,16041.0000,4036.0000,12005.0000,7,1,35079716
1345.5442,16036.0000,4024.0000,12012.0000,7,1,35137795
1345.6575,16031.0000,4024.0000,12007.0000,7,1,35195874
1345.7712,16026.0000,3987.0000,12039.0000,7,1,35253953
1345.8862,16021.0000,3982.0000,12039.0000,7,1,35312032
1346.0008,16016.0000,3981.0000,12035.0000,7,1,35370111
1346.1160,16011.0000,3981.0000,12030.0000,7,1,35428190
1346.2313,16006.0000,3982.0000,12024.0000,7,1,35486269
1346.3451,16001.0000,3976.0000,12025.0000,7,1,35544348
1346.4590,15996.0000,3969.0000,12027.0000,7,1,35602427
1346.5726,15991.0000,3971.0000,12020.0000,7,1,35660506
1346.6859,15986.0000,3971.0000,12015.0000,7,1,35718585
1346.8004,15981.0000,3973.0000,12008.0000,7,1,35776664
1346.9144,15976.0000,3996.0000,11980.0000,7,1,35834743
1347.0304,15971.0000,4001.0000,11970.0000,7,1,35892822
1347.1467,15966.0000,4001.0000,11965.0000,7,1,35950901
1347.2623,15961.0000,4001.0000,11960.0000,7,1,36008980
1347.3778,15956.0000,4002.0000,11954.0000,7,1,36067059
1347.4921,15951.0000,4002.0000,11949.0000,7,1,36125138
1347.6044,15946.0000,4002.0000,11944.0000,7,1,36183217
1347.7191,15941.0000,4003.0000,11938.0000,7,1,36241296
1347.8336,15937.0000,3980.0000,11957.0000,7,1,36299375
1347.9469,15933.0000,3990.0000,11943.0000,7,1,36357454
1348.0604,15929.0000,3990.0000,11939.0000,7,1,36415533
1348.1745,15925.0000,3990.0000,11935.0000,7,1,36473612
1348.2907,15921.0000,3990.0000,11931.0000,7,1,36531691
1348.4045,15917.0000,3992.0000,11925.0000,7,1,36589770
1348.5179,15913.0000,3993.0000,11920.0000,7,1,36647849
1348.6312,15908.0000,3977.0000,11931.0000,7,1,36705928
1348.7442,15904.0000,3954.0000,11950.0000,7,1,36764007
1348.8694,15899.0000,4000.0000,11899.0000,7,1,36822086
1348.9850,15895.0000,4000.0000,11895.0000,7,1,36880165
1349.1035,15891.0000,4001.0000,11890.0000,7,1,36938244
1349.2214,15887.0000,4002.0000,11885.0000,7,1,36996323
1349.3396,15883.0000,4002.0000,11881.0000,7,1,37054402
1349.4594,15879.0000,4003.0000,11876.0000,7,1,37112481
1349.5764,15875.0000,4003.0000,11872.0000,7,1,37170560
1349.6906,15871.0000,4013.0000,11858.0000,7,1,37228639
1349.8080,15867.0000,4014.0000,11853.0000,7,1,37286718
1349.9215,15863.0000,4006.0000,11857.0000,7,1,37344797
1350.0353,15859.0000,4006.0000,11853.0000,7,1,37402876
1350.1479,15855.0000,4007.0000,11848.0000,7,1,37460955
1350.2601,15851.0000,4007.0000,11844.0000,7,1,37519034
1350.3744,15847.0000,4007.0000,11840.0000,7,1,37577113
1350.4920,15843.0000,4011.0000,11832.0000,7,1,37635192
1350.6249,15838.0000,4006.0000,11832.0000,7,1,37693271
1350.7578,15834.0000,4006.0000,11828.0000,7,1,37751350
1350.8854,15830.0000,3984.0000,11846.0000,7,1,37809429
1351.0050,15825.0000,3984.0000,11841.0000,7,1,37867508
1351.1227,15821.0000,3984.0000,11837.0000,7,1,37925587
1351.2419,15817.0000,3977.0000,11840.0000,7,1,37983666
1351.3644,15813.0000,3980.0000,11833.0000,7,1,38041745
1351.5078,15809.0000,3980.0000,11829.0000,7,1,38099824
1351.6224,15805.0000,3981.0000,11824.0000,7,1,38157903
1351.7365,15801.0000,3989.0000,11812.0000,7,1,38215982
1351.8541,15797.0000,3989.0000,11808.0000,7,1,38274061
1351.9689,15793.0000,3983.0000,11810.0000,7,1,38332140
1352.0872,15788.0000,3984.0000,11804.0000,7,1,38390219
1352.2330,15784.0000,3986.0000,11798.0000,7,1,38448298
1352.3677,15780.0000,3988.0000,11792.0000,7,1,38506377
1352.4905,15776.0000,3974.0000,11802.0000,7,1,38564456
1352.6142,15772.0000,3974.0000,11798.0000,7,1,38622535
1352.7344,15768.0000,3979.0000,11789.0000,7,1,38680614
1352.8525,15764.0000,3979.0000,11785.0000,7,1,38738693
1352.9675,15760.0000,3969.0000,11791.0000,7,1,38796772
1353.0829,15756.0000,3970.0000,11786.0000,7,1,38854851
1353.1986,15752.0000,3971.0000,11781.0000,7,1,38912930
1353.3225,15748.0000,3971.0000,11777.0000,7,1,38971009
1353.4483,15744.0000,3970.0000,11774.0000,7,1,39029088
1353.5722,15740.0000,3972.0000,11768.0000,7,1,39087167
1353.7003,15736.0000,3956.0000,11780.0000,7,1,39145246
1353.8162,15731.0000,3941.0000,11790.0000,7,1,39203325
1353.9312,15727.0000,3941.0000,11786.0000,7,1,39261404
1354.0467,15723.0000,3937.0000,11786.0000,7,1,39319483
1354.1615,15719.0000,3942.0000,11777.0000,7,1,39377562
1354.2784,15715.0000,3942.0000,11773.0000,7,1,39435641
1354.4208,15711.0000,3942.0000,11769.0000,7,1,39493720
1354.5949,15707.0000,3942.0000,11765.0000,7,1,39551799
1354.7167,15703.0000,3942.0000,11761.0000,7,1,39609878
1354.8321,15699.0000,3905.0000,11794.0000,7,1,39667957
1354.9487,15695.0000,3905.0000,11790.0000,7,1,39726036
1355.0650,15691.0000,3862.0000,11829.0000,7,1,39784115
1355.1847,15686.0000,3867.0000,11819.0000,7,1,39842194
1355.3052,15681.0000,3870.0000,11811.0000,7,1,39900273
1355.4251,15677.0000,3873.0000,11804.0000,7,1,39958352
1355.5452,15673.0000,3876.0000,11797.0000,7,1,40016431
1355.6709,15669.0000,3876.0000,11793.0000,7,1,40074510
1355.7912,15665.0000,3876.0000,11789.0000,7,1,40132589
1355.9113,15661.0000,3876.0000,11785.0000,7,1,40190668
1356.0316,15657.0000,3877.0000,11780.0000,7,1,40248747
1356.1542,15653.0000,3881.0000,11772.0000,7,1,40306826
1356.2860,15649.0000,3881.0000,11768.0000,7,1,40364905
1356.4056,15645.0000,3881.0000,11764.0000,7,1,40422984
1356.5256,15641.0000,3877.0000,11764.0000,7,1,40481063
1356.6472,15637.0000,3877.0000,11760.0000,7,1,40539142
1356.7696,15633.0000,3877.0000,11756.0000,7,1,40597221
1356.8892,15629.0000,3868.0000,11761.0000,7,1,40655300
1357.0087,15625.0000,3869.0000,11756.0000,7,1,40713379
1357.1283,15621.0000,3870.0000,11751.0000,7,1,40771458
1357.2482,15617.0000,3865.0000,11752.0000,7,1,40829537
1357.3680,15613.0000,3865.0000,11748.0000,7,1,40887616
1357.4879,15609.0000,3860.0000,11749.0000,7,1,40945695
1357.6084,15605.0000,3861.0000,11744.0000,7,1,41003774
1357.7301,15601.0000,3863.0000,11738.0000,7,1,41061853
1357.8513,15597.0000,3864.0000,11733.0000,7,1,41119932
1357.9717,15593.0000,3864.0000,11729.0000,7,1,41178011
1358.0925,15589.0000,3873.0000,11716.0000,7,1,41236090
1358.2152,15585.0000,3873.0000,11712.0000,7,1,41294169
1358.3375,15581.0000,3874.0000,11707.0000,7,1,41352248
1358.4600,15577.0000,3875.0000,11702.0000,7,1,41410327
1358.5820,15573.0000,3862.0000,11711.0000,7,1,41468406
1358.7035,15569.0000,3857.0000,11712.0000,7,1,41526485
1358.8241,15565.0000,3853.0000,11712.0000,7,1,41584564
1358.9443,15561.0000,3849.0000,11712.0000,7,1,41642643
1359.0640,15557.0000,3843.0000,11714.0000,7,1,41700722
1359.1845,15553.0000,3839.0000,11714.0000,7,1,41758801
1359.3047,15549.0000,3835.0000,11714.0000,7,1,41816880
1359.4248,15545.0000,3829.0000,11716.0000,7,1,41874959
1359.5450,15541.0000,3823.0000,11718.0000,7,1,41933038
1359.6592,15537.0000,3817.0000,11720.0000,7,1,41991117
1359.7725,15533.0000,3812.0000,11721.0000,7,1,42049196
1359.8856,15529.0000,3806.0000,11723.0000,7,1,42107275
1359.9987,15525.0000,3799.0000,11726.0000,7,1,42165354
1360.1116,15521.0000,3795.0000,11726.0000,7,1,42223433
1360.2246,15517.0000,3790.0000,11727.0000,7,1,42281512
1360.3381,15513.0000,3783.0000,11730.0000,7,1,42339591
1360.4532,15509.0000,3778.0000,11731.0000,7,1,42397670
1360.5666,15506.0000,3780.0000,11726.0000,7,1,42455749
1360.6799,15503.0000,3780.0000,11723.0000,7,1,42513828
1360.7963,15500.0000,3775.0000,11725.0000,7,1,42571907
1360.9137,15497.0000,3792.0000,11705.0000,7,1,42629986
1361.0307,15494.0000,3808.0000,11686.0000,7,1,42688065
1361.1437,15491.0000,3813.0000,11678.0000,7,1,42746144
1361.2573,15488.0000,3814.0000,11674.0000,7,1,42804223
1361.3702,15485.0000,3798.0000,11687.0000,7,1,42862302
1361.4834,15482.0000,3798.0000,11684.0000,7,1,42920381
1361.5977,15479.0000,3799.0000,11680.0000,7,1,42978460
1361.7129,15476.0000,3800.0000,11676.0000,7,1,43036539
1361.8294,15473.0000,3800.0000,11673.0000,7,1,43094618
1361.9492,15470.0000,3795.0000,11675.0000,7,1,43152697
1362.0690,15467.0000,3762.0000,11705.0000,7,1,43210776
1362.1857,15464.0000,3763.0000,11701.0000,7,1,43268855
1362.3006,15461.0000,3765.0000,11696.0000,7,1,43326934
1362.4170,15458.0000,3766.0000,11692.0000,7,1,43385013
1362.5311,15455.0000,3769.0000,11686.0000,7,1,43443092
1362.6444,15452.0000,3766.0000,11686.0000,7,1,43501171
1362.7599,15449.0000,3760.0000,11689.0000,7,1,43559250
1362.8760,15446.0000,3759.0000,11687.0000,7,1,43617329
1362.9957,15443.0000,3749.0000,11694.0000,7,1,43675408
1363.1082,15439.0000,3756.0000,11683.0000,7,1,43733487
1363.2212,15436.0000,3766.0000,11670.0000,7,1,43791566
1363.3346,15433.0000,3767.0000,11666.0000,7,1,43849645
1363.4505,15430.0000,3768.0000,11662.0000,7,1,43907724
1363.5638,15427.0000,3768.0000,11659.0000,7,1,43965803
1363.6798,15424.0000,3768.0000,11656.0000,7,1,44023882
1363.8018,15421.0000,3768.0000,11653.0000,7,1,44081961
1363.9269,15418.0000,3768.0000,11650.0000,7,1,44140040
1364.0436,15415.0000,3769.0000,11646.0000,7,1,44198119
1364.1593,15412.0000,3769.0000,11643.0000,7,1,44256198
1364.2772,15409.0000,3769.0000,11640.0000,7,1,44314277
1364.3914,15406.0000,3769.0000,11637.0000,7,1,44372356
1364.5148,15403.0000,3769.0000,11634.0000,7,1,44430435
1364.6521,15399.0000,3759.0000,11640.0000,7,1,44488514
1364.7720,15396.0000,3759.0000,11637.0000,7,1,44546593
1364.8881,15393.0000,3753.0000,11640.0000,7,1,44604672
1365.0027,15389.0000,3754.0000,11635.0000,7,1,44662751
1365.1180,15386.0000,3750.0000,11636.0000,7,1,44720830
1365.2409,15383.0000,3753.0000,11630.0000,7,1,44778909
1365.3780,15380.0000,3753.0000,11627.0000,7,1,44836988
1365.5184,15377.0000,3753.0000,11624.0000,7,1,44895067
1365.6365,15374.0000,3761.0000,11613.0000,7,1,44953146
1365.7561,15371.0000,3768.0000,11603.0000,7,1,45011225
1365.8759,15368.0000,3768.0000,11600.0000,7,1,45069304
1365.9951,15365.0000,3769.0000,11596.0000,7,1,45127383
1366.1127,15362.0000,3764.0000,11598.0000,7,1,45185462
1366.2305,15359.0000,3764.0000,11595.0000,7,1,45243541
1366.3555,15356.0000,3764.0000,11592.0000,7,1,45301620
1366.4700,15353.0000,3765.0000,11588.0000,7,1,45359699
1366.5977,15350.0000,3774.0000,11576.0000,7,1,45417778
1366.7257,15347.0000,3770.0000,11577.0000,7,1,45475857
1366.8536,15344.0000,3770.0000,11574.0000,7,1,45533936
1366.9827,15341.0000,3771.0000,11570.0000,7,1,45592015
1367.0973,15338.0000,3778.0000,11560.0000,7,1,45650094
1367.2158,15335.0000,3782.0000,11553.0000,7,1,45708173
1367.3321,15332.0000,3784.0000,11548.0000,7,1,45766252
1367.4464,15329.0000,3784.0000,11545.0000,7,1,45824331
1367.5629,15326.0000,3780.0000,11546.0000,7,1,45882410
1367.6881,15323.0000,3780.0000,11543.0000,7,1,45940489
1367.8074,15320.0000,3782.0000,11538.0000,7,1,45998568
1367.9504,15317.0000,3782.0000,11535.0000,7,1,46056647
1368.0689,15314.0000,3782.0000,11532.0000,7,1,46114726
1368.1913,15311.0000,3782.0000,11529.0000,7,1,46172805
1368.3301,15308.0000,3782.0000,11526.0000,7,1,46230884
1368.4575,15305.0000,3785.0000,11520.0000,7,1,46288963
1368.5793,15302.0000,3786.0000,11516.0000,7,1,46347042
1368.7030,15299.0000,3786.0000,11513.0000,7,1,46405121
1368.8272,15296.0000,3783.0000,11513.0000,7,1,46463200
1369.0109,15293.0000,3785.0000,11508.0000,7,1,46521279
1369.2060,15290.0000,3788.0000,11502.0000,7,1,46579358
1369.3425,15287.0000,3789.0000,11498.0000,7,1,46637437
1369.4626,15284.0000,3790.0000,11494.0000,7,1,46695516
1369.5828,15281.0000,3790.0000,11491.0000,7,1,46753595
1369.7038,15278.0000,3791.0000,11487.0000,7,1,46811674
1369.8240,15275.0000,3791.0000,11484.0000,7,1,46869753
1369.9441,15272.0000,3792.0000,11480.0000,7,1,46927832
1370.0746,15269.0000,3792.0000,11477.0000,7,1,46985911
1370.2022,15266.0000,3793.0000,11473.0000,7,1,47043990
1370.3227,15263.0000,3793.0000,11470.0000,7,1,47102069
1370.4441,15260.0000,3793.0000,11467.0000,7,1,47160148
1370.5655,15257.0000,3779.0000,11478.0000,7,1,47218227
1370.6862,15254.0000,3779.0000,11475.0000,7,1,47276306
1370.8075,15251.0000,3788.0000,11463.0000,7,1,47334385
1370.9307,15248.0000,3788.0000,11460.0000,7,1,47392464
1371.0507,15245.0000,3790.0000,11455.0000,7,1,47450543
1371.1887,15242.0000,3787.0000,11455.0000,7,1,47508622
1371.3328,15239.0000,3787.0000,11452.0000,7,1,47566701
1371.4790,15236.0000,3784.0000,11452.0000,7,1,47624780
1371.6244,15233.0000,3784.0000,11449.0000,7,1,47682859
1371.7956,15230.0000,3787.0000,11443.0000,7,1,47740938
1371.9357,15227.0000,3787.0000,11440.0000,7,1,47799017
1372.0564,15224.0000,3789.0000,11435.0000,7,1,47857096
1372.1765,15221.0000,3789.0000,11432.0000,7,1,47915175
1372.2999,15218.0000,3789.0000,11429.0000,7,1,47973254
1372.4201,15215.0000,3789.0000,11426.0000,7,1,48031333
1372.5405,15212.0000,3792.0000,11420.0000,7,1,48089412
1372.6610,15209.0000,3789.0000,11420.0000,7,1,48147491
1372.7752,15206.0000,3783.0000,11423.0000,7,1,48205570
1372.8895,15203.0000,3779.0000,11424.0000,7,1,48263649
1373.0024,15200.0000,3774.0000,11426.0000,7,1,48321728
1373.1175,15197.0000,3770.0000,11427.0000,7,1,48379807
1373.2343,15194.0000,3765.0000,11429.0000,7,1,48437886
1373.3502,15191.0000,3760.0000,11431.0000,7,1,48495965
1373.4656,15188.0000,3760.0000,11428.0000,7,1,48554044
1373.5808,15185.0000,3757.0000,11428.0000,7,1,48612123
1373.6967,15182.0000,3750.0000,11432.0000,7,1,48670202
1373.8126,15179.0000,3742.0000,11437.0000,7,1,48728281
1373.9270,15176.0000,3745.0000,11431.0000,7,1,48786360
1374.0395,15173.0000,3738.0000,11435.0000,7,1,48844439
1374.1524,15170.0000,3735.0000,11435.0000,7,1,48902518
1374.2651,15167.0000,3731.0000,11436.0000,7,1,48960597
1374.3778,15164.0000,3728.0000,11436.0000,7,1,49018676
1374.4901,15162.0000,3718.0000,11444.0000,7,1,49076755
1374.6024,15160.0000,3718.0000,11442.0000,7,1,49134834
1374.7171,15158.0000,3679.0000,11479.0000,7,1,49192913
1374.8330,15156.0000,3679.0000,11477.0000,7,1,49250992
1374.9475,15154.0000,3675.0000,11479.0000,7,1,49309071
1375.0629,15151.0000,3675.0000,11476.0000,7,1,49367150
1375.1789,15149.0000,3675.0000,11474.0000,7,1,49425229
1375.2946,15147.0000,3682.0000,11465.0000,7,1,49483308
1375.4099,15145.0000,3685.0000,11460.0000,7,1,49541387
1375.5267,15143.0000,3685.0000,11458.0000,7,1,49599466
1375.6412,15141.0000,3685.0000,11456.0000,7,1,49657545
1375.7556,15139.0000,3685.0000,11454.0000,7,1,49715624
1375.8712,15137.0000,3688.0000,11449.0000,7,1,49773703
1375.9870,15135.0000,3688.0000,11447.0000,7,1,49831782
1376.1023,15133.0000,3674.0000,11459.0000,7,1,49889861
1376.2159,15131.0000,3660.0000,11471.0000,7,1,49947940
1376.3295,15129.0000,3658.0000,11471.0000,7,1,50006019
1376.4471,15127.0000,3658.0000,11469.0000,7,1,50064098
1376.5596,15125.0000,3658.0000,11467.0000,7,1,50122177
1376.6755,15123.0000,3653.0000,11470.0000,7,1,50180256
1376.7949,15121.0000,3642.0000,11479.0000,7,1,50238335
1376.9138,15119.0000,3642.0000,11477.0000,7,1,50296414
1377.0312,15117.0000,3642.0000,11475.0000,7,1,50354493
1377.1494,15115.0000,3644.0000,11471.0000,7,1,50412572
1377.2648,15113.0000,3640.0000,11473.0000,7,1,50470651
1377.3812,15111.0000,3640.0000,11471.0000,7,1,50528730
1377.4980,15109.0000,3640.0000,11469.0000,7,1,50586809
1377.6135,15107.0000,3638.0000,11469.0000,7,1,50644888
1377.7290,15105.0000,3638.0000,11467.0000,7,1,50702967
1377.8450,15103.0000,3645.0000,11458.0000,7,1,50761046
1377.9588,15101.0000,3644.0000,11457.0000,7,1,50819125
1378.0719,15099.0000,3644.0000,11455.0000,7,1,50877204
1378.1846,15097.0000,3644.0000,11453.0000,7,1,50935283
1378.3013,15095.0000,3644.0000,11451.0000,7,1,50993362
1378.4149,15093.0000,3644.0000,11449.0000,7,1,51051441
1378.5274,15091.0000,3642.0000,11449.0000,7,1,51109520
1378.6411,15089.0000,3642.0000,11447.0000,7,1,51167599
1378.7602,15087.0000,3641.0000,11446.0000,7,1,51225678
1378.8787,15085.0000,3639.0000,11446.0000,7,1,51283757
1378.9965,15083.0000,3639.0000,11444.0000,7,1,51341836
1379.1132,15081.0000,3636.0000,11445.0000,7,1,51399915
1379.2303,15079.0000,3639.0000,11440.0000,7,1,51457994
1379.3465,15077.0000,3637.0000,11440.0000,7,1,51516073
1379.4617,15075.0000,3639.0000,11436.0000,7,1,51574152
1379.5774,15073.0000,3639.0000,11434.0000,7,1,51632231
1379.6933,15071.0000,3661.0000,11410.0000,7,1,51690310
1379.8099,15069.0000,3661.0000,11408.0000,7,1,51748389
1379.9267,15067.0000,3662.0000,11405.0000,7,1,51806468
1380.0394,15065.0000,3666.0000,11399.0000,7,1,51864547
1380.1513,15063.0000,3671.0000,11392.0000,7,1,51922626
1380.2646,15061.0000,3672.0000,11389.0000,7,1,51980705
1380.3772,15059.0000,3672.0000,11387.0000,7,1,52038784
1380.4904,15057.0000,3670.0000,11387.0000,7,1,52096863
1380.6029,15055.0000,3676.0000,11379.0000,7,1,52154942
1380.7183,15053.0000,3676.0000,11377.0000,7,1,52213021
1380.8365,15051.0000,3676.0000,11375.0000,7,1,52271100
1380.9538,15049.0000,3679.0000,11370.0000,7,1,52329179
1381.0699,15047.0000,3677.0000,11370.0000,7,1,52387258
1381.1889,15045.0000,3677.0000,11368.0000,7,1,52445337
1381.3048,15043.0000,3677.0000,11366.0000,7,1,52503416
1381.4212,15041.0000,3677.0000,11364.0000,7,1,52561495
1381.5363,15039.0000,3676.0000,11363.0000,7,1,52619574
1381.6514,15037.0000,3670.0000,11367.0000,7,1,52677653
1381.7664,15035.0000,3668.0000,11367.0000,7,1,52735732
1381.8806,15033.0000,3668.0000,11365.0000,7,1,52793811
1381.9933,15031.0000,3668.0000,11363.0000,7,1,52851890
1382.1060,15029.0000,3668.0000,11361.0000,7,1,52909969
1382.2188,15027.0000,3670.0000,11357.0000,7,1,52968048
1382.3329,15025.0000,3666.0000,11359.0000,7,1,53026127
1382.4488,15023.0000,3666.0000,11357.0000,7,1,53084206
1382.5640,15021.0000,3672.0000,11349.0000,7,1,53142285
1382.6784,15019.0000,3672.0000,11347.0000,7,1,53200364
1382.7984,15017.0000,3672.0000,11345.0000,7,1,53258443
1382.9168,15015.0000,3670.0000,11345.0000,7,1,53316522
1383.0331,15013.0000,3670.0000,11343.0000,7,1,53374601
1383.1494,15011.0000,3670.0000,11341.0000,7,1,53432680
1383.2644,15009.0000,3670.0000,11339.0000,7,1,53490759
1383.3797,15007.0000,3685.0000,11322.0000,7,1,53548838
1383.4961,15005.0000,3685.0000,11320.0000,7,1,53606917
1383.6126,15003.0000,3685.0000,11318.0000,7,1,53664996
1383.7284,15001.0000,3701.0000,11300.0000,7,1,53723075
1383.8459,14999.0000,3735.0000,11264.0000,7,1,53781154
1383.9598,14997.0000,3735.0000,11262.0000,7,1,53839233
1384.0726,14995.0000,3736.0000,11259.0000,7,1,53897312
1384.1864,14993.0000,3809.0000,11184.0000,7,1,53955391
1384.2994,14990.0000,3804.0000,11186.0000,7,1,54013470
1384.4120,14988.0000,3807.0000,11181.0000,7,1,54071549
1384.5253,14986.0000,3804.0000,11182.0000,7,1,54129628
1384.6377,14983.0000,3804.0000,11179.0000,7,1,54187707
1384.7553,14981.0000,3806.0000,11175.0000,7,1,54245786
1384.8736,14979.0000,3807.0000,11172.0000,7,1,54303865
1384.9879,14977.0000,3807.0000,11170.0000,7,1,54361944
1385.1041,14975.0000,3810.0000,11165.0000,7,1,54420023
1385.2199,14973.0000,3810.0000,11163.0000,7,1,54478102
1385.3348,14971.0000,3810.0000,11161.0000,7,1,54536181
1385.4501,14969.0000,3810.0000,11159.0000,7,1,54594260
1385.5652,14967.0000,3811.0000,11156.0000,7,1,54652339
1385.6795,14965.0000,3811.0000,11154.0000,7,1,54710418
1385.7941,14963.0000,3811.0000,11152.0000,7,1,54768497
1385.9076,14961.0000,3811.0000,11150.0000,8,1,54826576
1386.0426,14959.0000,3811.0000,11148.0000,8,1,54892952
1386.1775,14957.0000,3811.0000,11146.0000,8,1,54959328
1386.3149,14955.0000,3811.0000,11144.0000,8,1,55025704
1386.4502,14953.0000,3811.0000,11142.0000,8,1,55092080
1386.5854,14951.0000,3811.0000,11140.0000,8,1,55158456
1386.7219,14949.0000,3810.0000,11139.0000,8,1,55224832
1386.8616,14947.0000,3810.0000,11137.0000,8,1,55291208
1387.0009,14945.0000,3811.0000,11134.0000,8,1,55357584
1387.1401,14943.0000,3811.0000,11132.0000,8,1,55423960
1387.2801,14941.0000,3811.0000,11130.0000,8,1,55490336
1387.4195,14939.0000,3811.0000,11128.0000,8,1,55556712
1387.5568,14937.0000,3811.0000,11126.0000,8,1,55623088
1387.6948,14935.0000,3811.0000,11124.0000,8,1,55689464
1387.8329,14933.0000,3811.0000,11122.0000,8,1,55755840
1387.9686,14931.0000,3811.0000,11120.0000,8,1,55822216
1388.1042,14929.0000,3812.0000,11117.0000,8,1,55888592
1388.2394,14927.0000,3812.0000,11115.0000,8,1,55954968
1388.3748,14925.0000,3812.0000,11113.0000,8,1,56021344
1388.5104,14923.0000,3817.0000,11106.0000,8,1,56087720
1388.6452,14921.0000,3820.0000,11101.0000,8,1,56154096
1388.7850,14919.0000,3820.0000,11099.0000,8,1,56220472
1388.9272,14917.0000,3820.0000,11097.0000,8,1,56286848
1389.0700,14915.0000,3820.0000,11095.0000,8,1,56353224
1389.2176,14913.0000,3820.0000,11093.0000,8,1,56419600
1389.3583,14911.0000,3821.0000,11090.0000,8,1,56485976
1389.5000,14909.0000,3821.0000,11088.0000,8,1,56552352
1389.6378,14907.0000,3822.0000,11085.0000,8,1,56618728
1389.7758,14905.0000,3822.0000,11083.0000,8,1,56685104
1389.9138,14903.0000,3822.0000,11081.0000,8,1,56751480
1390.0496,14901.0000,3822.0000,11079.0000,8,1,56817856
1390.1846,14899.0000,3820.0000,11079.0000,8,1,56884232
1390.3209,14897.0000,3820.0000,11077.0000,8,1,56950608
1390.4562,14895.0000,3821.0000,11074.0000,8,1,57016984
1390.5911,14893.0000,3821.0000,11072.0000,8,1,57083360
1390.7262,14891.0000,3821.0000,11070.0000,8,1,57149736
1390.8668,14889.0000,3825.0000,11064.0000,8,1,57216112
1391.0065,14887.0000,3825.0000,11062.0000,8,1,57282488
1391.1453,14885.0000,3829.0000,11056.0000,8,1,57348864
1391.2848,14883.0000,3829.0000,11054.0000,8,1,57415240
1391.4240,14882.0000,3829.0000,11053.0000,8,1,57481616
1391.5619,14881.0000,3828.0000,11053.0000,8,1,57547992
1391.6992,14880.0000,3827.0000,11053.0000,8,1,57614368
1391.8378,14879.0000,3826.0000,11053.0000,8,1,57680744
1391.9734,14878.0000,3825.0000,11053.0000,8,1,57747120
1392.1086,14877.0000,3824.0000,11053.0000,8,1,57813496
1392.2438,14876.0000,3823.0000,11053.0000,8,1,57879872
1392.3787,14875.0000,3822.0000,11053.0000,8,1,57946248
1392.5141,14874.0000,3821.0000,11053.0000,8,1,58012624
1392.6491,14873.0000,3820.0000,11053.0000,8,1,58079000
1392.7857,14872.0000,3819.0000,11053.0000,8,1,58145376
1392.9246,14871.0000,3814.0000,11057.0000,8,1,58211752
1393.0651,14870.0000,3814.0000,11056.0000,8,1,58278128
1393.2051,14869.0000,3813.0000,11056.0000,8,1,58344504
1393.3446,14868.0000,3811.0000,11057.0000,8,1,58410880
1393.4829,14867.0000,3811.0000,11056.0000,8,1,58477256
1393.6210,14866.0000,3807.0000,11059.0000,8,1,58543632
1393.7585,14864.0000,3807.0000,11057.0000,8,1,58610008
1393.8952,14863.0000,3806.0000,11057.0000,8,1,58676384
1394.0303,14862.0000,3806.0000,11056.0000,8,1,58742760
1394.1656,14861.0000,3806.0000,11055.0000,8,1,58809136
1394.3015,14860.0000,3806.0000,11054.0000,8,1,58875512
1394.4369,14859.0000,3805.0000,11054.0000,8,1,58941888
1394.5721,14858.0000,3787.0000,11071.0000,8,1,59008264
1394.7072,14857.0000,3786.0000,11071.0000,8,1,59074640
1394.8448,14856.0000,3786.0000,11070.0000,8,1,59141016
1394.9849,14855.0000,3786.0000,11069.0000,8,1,59207392
1395.1258,14854.0000,3785.0000,11069.0000,8,1,59273768
1395.2651,14853.0000,3788.0000,11065.0000,8,1,59340144
1395.4013,14852.0000,3788.0000,11064.0000,8,1,59406520
1395.5365,14851.0000,3787.0000,11064.0000,8,1,59472896
1395.6713,14850.0000,3786.0000,11064.0000,8,1,59539272
1395.8062,14849.0000,3786.0000,11063.0000,8,1,59605648
1395.9414,14848.0000,3786.0000,11062.0000,8,1,59672024
1396.0764,14847.0000,3786.0000,11061.0000,8,1,59738400
1396.2109,14846.0000,3786.0000,11060.0000,8,1,59804776
1396.3472,14845.0000,3786.0000,11059.0000,8,1,59871152
1396.4823,14844.0000,3787.0000,11057.0000,8,1,59937528
1396.6172,14843.0000,3787.0000,11056.0000,8,1,60003904
1396.7521,14842.0000,3786.0000,11056.0000,8,1,60070280
1396.8908,14841.0000,3785.0000,11056.0000,8,1,60136656
1397.0297,14840.0000,3785.0000,11055.0000,8,1,60203032
1397.1708,14839.0000,3763.0000,11076.0000,8,1,60269408
1397.3120,14838.0000,3763.0000,11075.0000,8,1,60335784
1397.4472,14837.0000,3763.0000,11074.0000,8,1,60402160
1397.5819,14836.0000,3763.0000,11073.0000,8,1,60468536
1397.7165,14835.0000,3764.0000,11071.0000,8,1,60534912
1397.8514,14834.0000,3764.0000,11070.0000,8,1,60601288
1397.9864,14833.0000,3763.0000,11070.0000,8,1,60667664
1398.1210,14832.0000,3763.0000,11069.0000,8,1,60734040
1398.2557,14831.0000,3763.0000,11068.0000,8,1,60800416
1398.3906,14830.0000,3764.0000,11066.0000,8,1,60866792
1398.5257,14829.0000,3765.0000,11064.0000,8,1,60933168
1398.6604,14828.0000,3764.0000,11064.0000,8,1,60999544
1398.7952,14827.0000,3764.0000,11063.0000,8,1,61065920
1398.9301,14826.0000,3764.0000,11062.0000,8,1,61132296
1399.0650,14825.0000,3764.0000,11061.0000,8,1,61198672
1399.1994,14824.0000,3765.0000,11059.0000,8,1,61265048
1399.3342,14823.0000,3764.0000,11059.0000,8,1,61331424
1399.4694,14822.0000,3764.0000,11058.0000,8,1,61397800
1399.6042,14821.0000,3762.0000,11059.0000,8,1,61464176
1399.7389,14819.0000,3762.0000,11057.0000,8,1,61530552
1399.8738,14817.0000,3760.0000,11057.0000,8,1,61596928
1400.0086,14816.0000,3759.0000,11057.0000,8,1,61663304
1400.1434,14815.0000,3759.0000,11056.0000,8,1,61729680
1400.2785,14814.0000,3759.0000,11055.0000,8,1,61796056
1400.4133,14812.0000,3733.0000,11079.0000,8,1,61862432
1400.5479,14810.0000,3733.0000,11077.0000,8,1,61928808
1400.6829,14808.0000,3735.0000,11073.0000,8,1,61995184
1400.8175,14807.0000,3734.0000,11073.0000,8,1,62061560
1400.9525,14806.0000,3733.0000,11073.0000,8,1,62127936
1401.0875,14805.0000,3733.0000,11072.0000,8,1,62194312
1401.2222,14804.0000,3737.0000,11067.0000,8,1,62260688
1401.3601,14803.0000,3742.0000,11061.0000,8,1,62327064
1401.4981,14802.0000,3743.0000,11059.0000,8,1,62393440
1401.6359,14801.0000,3742.0000,11059.0000,8,1,62459816
1401.7739,14800.0000,3742.0000,11058.0000,8,1,62526192
1401.9113,14799.0000,3742.0000,11057.0000,8,1,62592568
1402.0459,14798.0000,3741.0000,11057.0000,8,1,62658944
1402.1805,14797.0000,3740.0000,11057.0000,8,1,62725320
1402.3154,14795.0000,3739.0000,11056.0000,8,1,62791696
1402.4501,14794.0000,3738.0000,11056.0000,8,1,62858072
1402.5850,14793.0000,3738.0000,11055.0000,8,1,62924448
1402.7196,14792.0000,3738.0000,11054.0000,8,1,62990824
1402.8547,14791.0000,3738.0000,11053.0000,8,1,63057200
1402.9902,14790.0000,3738.0000,11052.0000,8,1,63123576
1403.1250,14789.0000,3738.0000,11051.0000,8,1,63189952
1403.2599,14788.0000,3737.0000,11051.0000,8,1,63256328
1403.3957,14787.0000,3737.0000,11050.0000,8,1,63322704
1403.5379,14786.0000,3736.0000,11050.0000,8,1,63389080
1403.6775,14785.0000,3739.0000,11046.0000,8,1,63455456
1403.8138,14784.0000,3739.0000,11045.0000,8,1,63521832
1403.9557,14783.0000,3739.0000,11044.0000,8,1,63588208
1404.0947,14782.0000,3739.0000,11043.0000,8,1,63654584
1404.2341,14781.0000,3739.0000,11042.0000,8,1,63720960
1404.3700,14780.0000,3738.0000,11042.0000,8,1,63787336
1404.5057,14779.0000,3738.0000,11041.0000,8,1,63853712
1404.6411,14778.0000,3745.0000,11033.0000,8,1,63920088
1404.7766,14777.0000,3744.0000,11033.0000,8,1,63986464
1404.9137,14776.0000,3744.0000,11032.0000,8,1,64052840
1405.0494,14775.0000,3744.0000,11031.0000,8,1,64119216
1405.1847,14774.0000,3744.0000,11030.0000,8,1,64185592
1405.3209,14773.0000,3744.0000,11029.0000,8,1,64251968
1405.4586,14772.0000,3745.0000,11027.0000,8,1,64318344
1405.5946,14771.0000,3745.0000,11026.0000,8,1,64384720
1405.7298,14770.0000,3745.0000,11025.0000,8,1,64451096
1405.8653,14769.0000,3744.0000,11025.0000,8,1,64517472
1406.0007,14768.0000,3741.0000,11027.0000,8,1,64583848
1406.1354,14767.0000,3739.0000,11028.0000,8,1,64650224
1406.2701,14766.0000,3739.0000,11027.0000,8,1,64716600
1406.4048,14765.0000,3739.0000,11026.0000,8,1,64782976
1406.5396,14764.0000,3740.0000,11024.0000,8,1,64849352
1406.6744,14763.0000,3740.0000,11023.0000,8,1,64915728
1406.8092,14762.0000,3739.0000,11023.0000,8,1,64982104
1406.9442,14761.0000,3739.0000,11022.0000,8,1,65048480
1407.0790,14760.0000,3738.0000,11022.0000,8,1,65114856
1407.2136,14759.0000,3737.0000,11022.0000,8,1,65181232
1407.3482,14758.0000,3737.0000,11021.0000,8,1,65247608
1407.4832,14757.0000,3736.0000,11021.0000,8,1,65313984
1407.6179,14756.0000,3736.0000,11020.0000,8,1,65380360
1407.7526,14755.0000,3736.0000,11019.0000,8,1,65446736
1407.8875,14754.0000,3736.0000,11018.0000,8,1,65513112
1408.0222,14753.0000,3735.0000,11018.0000,8,1,65579488
1408.1568,14752.0000,3735.0000,11017.0000,8,1,65645864
1408.2917,14751.0000,3737.0000,11014.0000,8,1,65712240
1408.4270,14750.0000,3736.0000,11014.0000,8,1,65778616
1408.5617,14749.0000,3736.0000,11013.0000,8,1,65844992
1408.6964,14748.0000,3736.0000,11012.0000,8,1,65911368
1408.8314,14747.0000,3735.0000,11012.0000,8,1,65977744
1408.9669,14746.0000,3735.0000,11011.0000,8,1,66044120
1409.1023,14745.0000,3734.0000,11011.0000,8,1,66110496
1409.2372,14744.0000,3733.0000,11011.0000,8,1,66176872
1409.3725,14743.0000,3732.0000,11011.0000,8,1,66243248
1409.5078,14742.0000,3732.0000,11010.0000,8,1,66309624
1409.6427,14741.0000,3732.0000,11009.0000,8,1,66376000
1409.7772,14740.0000,3732.0000,11008.0000,8,1,66442376
1409.9122,14739.0000,3732.0000,11007.0000,8,1,66508752
1410.0472,14738.0000,3731.0000,11007.0000,8,1,66575128
1410.1821,14737.0000,3730.0000,11007.0000,8,1,66641504
1410.3167,14736.0000,3730.0000,11006.0000,8,1,66707880
1410.4513,14735.0000,3730.0000,11005.0000,8,1,66774256
1410.5860,14734.0000,3729.0000,11005.0000,8,1,66840632
1410.7207,14733.0000,3729.0000,11004.0000,8,1,66907008
1410.8555,14732.0000,3729.0000,11003.0000,8,1,66973384
1410.9907,14731.0000,3729.0000,11002.0000,8,1,67039760
1411.1254,14730.0000,3729.0000,11001.0000,8,1,67106136
1411.2600,14729.0000,3729.0000,11000.0000,8,1,67172512
1411.3992,14728.0000,3729.0000,10999.0000,8,1,67238888
1411.5341,14727.0000,3721.0000,11006.0000,8,1,67305264
1411.6690,14726.0000,3721.0000,11005.0000,8,1,67371640
1411.8037,14725.0000,3721.0000,11004.0000,8,1,67438016
1411.9388,14724.0000,3721.0000,11003.0000,8,1,67504392
1412.0738,14723.0000,3721.0000,11002.0000,8,1,67570768
1412.2084,14722.0000,3721.0000,11001.0000,8,1,67637144
1412.3432,14721.0000,3721.0000,11000.0000,8,1,67703520
1412.4780,14720.0000,3721.0000,10999.0000,8,1,67769896
1412.6127,14719.0000,3721.0000,10998.0000,8,1,67836272
1412.7470,14718.0000,3721.0000,10997.0000,8,1,67902648
1412.8824,14717.0000,3721.0000,10996.0000,8,1,67969024
1413.0172,14716.0000,3720.0000,10996.0000,8,1,68035400
1413.1524,14715.0000,3720.0000,10995.0000,8,1,68101776
1413.2874,14714.0000,3720.0000,10994.0000,8,1,68168152
1413.4222,14713.0000,3721.0000,10992.0000,8,1,68234528
1413.5568,14712.0000,3720.0000,10992.0000,8,1,68300904
1413.6914,14711.0000,3719.0000,10992.0000,8,1,68367280
1413.8262,14710.0000,3719.0000,10991.0000,8,1,68433656
1413.9611,14709.0000,3718.0000,10991.0000,8,1,68500032
1414.0959,14708.0000,3717.0000,10991.0000,8,1,68566408
1414.2305,14707.0000,3717.0000,10990.0000,8,1,68632784
1414.3650,14706.0000,3716.0000,10990.0000,8,1,68699160
1414.4999,14705.0000,3716.0000,10989.0000,8,1,68765536
1414.6349,14704.0000,3716.0000,10988.0000,8,1,68831912
1414.7695,14703.0000,3716.0000,10987.0000,8,1,68898288
1414.9042,14702.0000,3715.0000,10987.0000,8,1,68964664
1415.0392,14701.0000,3714.0000,10987.0000,8,1,69031040
1415.1749,14700.0000,3713.0000,10987.0000,8,1,69097416
1415.3096,14699.0000,3714.0000,10985.0000,8,1,69163792
1415.4445,14698.0000,3714.0000,10984.0000,8,1,69230168
1415.5792,14697.0000,3714.0000,10983.0000,8,1,69296544
1415.7141,14696.0000,3714.0000,10982.0000,8,1,69362920
1415.8486,14695.0000,3713.0000,10982.0000,8,1,69429296
1415.9835,14694.0000,3712.0000,10982.0000,8,1,69495672
1416.1182,14693.0000,3711.0000,10982.0000,8,1,69562048
1416.2530,14692.0000,3711.0000,10981.0000,8,1,69628424
1416.3876,14691.0000,3711.0000,10980.0000,8,1,69694800
1416.5225,14690.0000,3711.0000,10979.0000,8,1,69761176
1416.6571,14689.0000,3711.0000,10978.0000,8,1,69827552
1416.7919,14688.0000,3711.0000,10977.0000,8,1,69893928
1416.9268,14687.0000,3711.0000,10976.0000,8,1,69960304
1417.0614,14686.0000,3711.0000,10975.0000,8,1,70026680
1417.1959,14685.0000,3713.0000,10972.0000,8,1,70093056
1417.3310,14684.0000,3713.0000,10971.0000,8,1,70159432
1417.4657,14683.0000,3713.0000,10970.0000,8,1,70225808
1417.6004,14682.0000,3713.0000,10969.0000,8,1,70292184
1417.7352,14681.0000,3712.0000,10969.0000,8,1,70358560
1417.8700,14680.0000,3711.0000,10969.0000,8,1,70424936
1418.0048,14679.0000,3713.0000,10966.0000,8,1,70491312
1418.1394,14678.0000,3712.0000,10966.0000,8,1,70557688
1418.2742,14677.0000,3711.0000,10966.0000,8,1,70624064
1418.4095,14676.0000,3710.0000,10966.0000,8,1,70690440
1418.5445,14675.0000,3711.0000,10964.0000,8,1,70756816
1418.6792,14674.0000,3711.0000,10963.0000,8,1,70823192
1418.8138,14673.0000,3711.0000,10962.0000,8,1,70889568
1418.9488,14672.0000,3711.0000,10961.0000,8,1,70955944
1419.0833,14671.0000,3712.0000,10959.0000,8,1,71022320
1419.2180,14670.0000,3699.0000,10971.0000,8,1,71088696
1419.3527,14667.0000,3700.0000,10967.0000,8,1,71155072
1419.4876,14666.0000,3698.0000,10968.0000,8,1,71221448
1419.6222,14665.0000,3698.0000,10967.0000,8,1,71287824
1419.7572,14664.0000,3698.0000,10966.0000,8,1,71354200
1419.8921,14663.0000,3697.0000,10966.0000,8,1,71420576
1420.0269,14662.0000,3697.0000,10965.0000,8,1,71486952
1420.1617,14661.0000,3697.0000,10964.0000,8,1,71553328
1420.2966,14660.0000,3696.0000,10964.0000,8,1,71619704
1420.4312,14659.0000,3696.0000,10963.0000,8,1,71686080
1420.5660,14658.0000,3696.0000,10962.0000,8,1,71752456
1420.7008,14657.0000,3696.0000,10961.0000,8,1,71818832
1420.8356,14656.0000,3696.0000,10960.0000,8,1,71885208
1420.9704,14655.0000,3699.0000,10956.0000,8,1,71951584
1421.1052,14654.0000,3699.0000,10955.0000,8,1,72017960
1421.2401,14653.0000,3699.0000,10954.0000,8,1,72084336
1421.3748,14652.0000,3699.0000,10953.0000,8,1,72150712
1421.5099,14651.0000,3699.0000,10952.0000,8,1,72217088
1421.6447,14650.0000,3699.0000,10951.0000,8,1,72283464
1421.7792,14649.0000,3701.0000,10948.0000,8,1,72349840
1421.9143,14648.0000,3701.0000,10947.0000,8,1,72416216
1422.0489,14647.0000,3700.0000,10947.0000,8,1,72482592
1422.1835,14646.0000,3699.0000,10947.0000,8,1,72548968
1422.3180,14645.0000,3698.0000,10947.0000,8,1,72615344
1422.4529,14644.0000,3699.0000,10945.0000,8,1,72681720
1422.5877,14643.0000,3699.0000,10944.0000,8,1,72748096
1422.7225,14642.0000,3699.0000,10943.0000,8,1,72814472
1422.8573,14641.0000,3698.0000,10943.0000,8,1,72880848
1422.9921,14640.0000,3698.0000,10942.0000,8,1,72947224
1423.1266,14639.0000,3698.0000,10941.0000,8,1,73013600
1423.2613,14638.0000,3704.0000,10934.0000,8,1,73079976
1423.3964,14637.0000,3704.0000,10933.0000,8,1,73146352
1423.5312,14636.0000,3704.0000,10932.0000,8,1,73212728
1423.6660,14635.0000,3704.0000,10931.0000,8,1,73279104
1423.8006,14634.0000,3705.0000,10929.0000,8,1,73345480
1423.9365,14633.0000,3705.0000,10928.0000,8,1,73411856
1424.0718,14632.0000,3704.0000,10928.0000,8,1,73478232
1424.2068,14631.0000,3704.0000,10927.0000,8,1,73544608
1424.3417,14630.0000,3703.0000,10927.0000,8,1,73610984
1424.4765,14629.0000,3704.0000,10925.0000,8,1,73677360
1424.6113,14628.0000,3704.0000,10924.0000,8,1,73743736
1424.7461,14627.0000,3709.0000,10918.0000,8,1,73810112
1424.8809,14626.0000,3709.0000,10917.0000,8,1,73876488
1425.0167,14625.0000,3708.0000,10917.0000,8,1,73942864
1425.1513,14624.0000,3706.0000,10918.0000,8,1,74009240
1425.2862,14623.0000,3706.0000,10917.0000,8,1,74075616
1425.4209,14622.0000,3706.0000,10916.0000,8,1,74141992
1425.5556,14621.0000,3706.0000,10915.0000,8,1,74208368
1425.6907,14620.0000,3706.0000,10914.0000,8,1,74274744
1425.8253,14619.0000,3706.0000,10913.0000,8,1,74341120
1425.9600,14618.0000,3705.0000,10913.0000,8,1,74407496
1426.0952,14617.0000,3705.0000,10912.0000,8,1,74473872
1426.2298,14616.0000,3705.0000,10911.0000,8,1,74540248
1426.3653,14615.0000,3705.0000,10910.0000,8,1,74606624
1426.5002,14614.0000,3705.0000,10909.0000,8,1,74673000
1426.6347,14613.0000,3706.0000,10907.0000,8,1,74739376
1426.7692,14612.0000,3703.0000,10909.0000,8,1,74805752
1426.9041,14611.0000,3703.0000,10908.0000,8,1,74872128
1427.0388,14610.0000,3702.0000,10908.0000,8,1,74938504
1427.1736,14609.0000,3702.0000,10907.0000,8,1,75004880
1427.3085,14608.0000,3702.0000,10906.0000,8,1,75071256
1427.4432,14607.0000,3696.0000,10911.0000,8,1,75137632
1427.5778,14606.0000,3696.0000,10910.0000,8,1,75204008
1427.7126,14605.0000,3696.0000,10909.0000,8,1,75270384
1427.8473,14604.0000,3696.0000,10908.0000,8,1,75336760
1427.9825,14603.0000,3696.0000,10907.0000,8,1,75403136
1428.1175,14602.0000,3695.0000,10907.0000,8,1,75469512
1428.2519,14601.0000,3688.0000,10913.0000,8,1,75535888
1428.3868,14600.0000,3688.0000,10912.0000,8,1,75602264
1428.5219,14599.0000,3687.0000,10912.0000,8,1,75668640
1428.6567,14598.0000,3687.0000,10911.0000,8,1,75735016
1428.7914,14597.0000,3687.0000,10910.0000,8,1,75801392
1428.9263,14596.0000,3687.0000,10909.0000,8,1,75867768
1429.0609,14595.0000,3687.0000,10908.0000,8,1,75934144
1429.1955,14594.0000,3686.0000,10908.0000,8,1,76000520
1429.3303,14593.0000,3684.0000,10909.0000,8,1,76066896
1429.4650,14591.0000,3684.0000,10907.0000,8,1,76133272
1429.5995,14590.0000,3683.0000,10907.0000,8,1,76199648
1429.7350,14589.0000,3683.0000,10906.0000,8,1,76266024
1429.8696,14588.0000,3684.0000,10904.0000,8,1,76332400
1430.0055,14587.0000,3683.0000,10904.0000,8,1,76398776
1430.1406,14586.0000,3684.0000,10902.0000,8,1,76465152
1430.2750,14585.0000,3684.0000,10901.0000,8,1,76531528
1430.4097,14584.0000,3684.0000,10900.0000,8,1,76597904
1430.5449,14583.0000,3684.0000,10899.0000,8,1,76664280
1430.6794,14582.0000,3685.0000,10897.0000,8,1,76730656
1430.8141,14581.0000,3684.0000,10897.0000,8,1,76797032
1430.9491,14580.0000,3683.0000,10897.0000,8,1,76863408
1431.0839,14579.0000,3683.0000,10896.0000,8,1,76929784
1431.2184,14578.0000,3683.0000,10895.0000,8,1,76996160
1431.3530,14577.0000,3683.0000,10894.0000,8,1,77062536
1431.4879,14576.0000,3682.0000,10894.0000,8,1,77128912
1431.6228,14575.0000,3682.0000,10893.0000,8,1,77195288
1431.7574,14574.0000,3682.0000,10892.0000,8,1,77261664
1431.8923,14573.0000,3682.0000,10891.0000,8,1,77328040
1432.0273,14572.0000,3682.0000,10890.0000,8,1,77394416
1432.1618,14571.0000,3682.0000,10889.0000,8,1,77460792
1432.2964,14570.0000,3681.0000,10889.0000,8,1,77527168
1432.4310,14569.0000,3681.0000,10888.0000,8,1,77593544
1432.5657,14568.0000,3680.0000,10888.0000,8,1,77659920
1432.7003,14567.0000,3680.0000,10887.0000,8,1,77726296
1432.8349,14566.0000,3680.0000,10886.0000,8,1,77792672
1432.9700,14565.0000,3679.0000,10886.0000,8,1,77859048
1433.1045,14564.0000,3679.0000,10885.0000,8,1,77925424
1433.2393,14563.0000,3679.0000,10884.0000,8,1,77991800
1433.3740,14562.0000,3679.0000,10883.0000,8,1,78058176
1433.5090,14561.0000,3679.0000,10882.0000,8,1,78124552
1433.6434,14560.0000,3679.0000,10881.0000,8,1,78190928
1433.7780,14559.0000,3678.0000,10881.0000,8,1,78257304
1433.9128,14558.0000,3679.0000,10879.0000,8,1,78323680
1434.0480,14557.0000,3679.0000,10878.0000,8,1,78390056
1434.1826,14556.0000,3690.0000,10866.0000,8,1,78456432
1434.3172,14553.0000,3689.0000,10864.0000,8,1,78522808
1434.4520,14550.0000,3688.0000,10862.0000,8,1,78589184
1434.5868,14547.0000,3687.0000,10860.0000,8,1,78655560
1434.7214,14545.0000,3686.0000,10859.0000,8,1,78721936
1434.8560,14544.0000,3686.0000,10858.0000,8,1,78788312
1434.9911,14543.0000,3686.0000,10857.0000,8,1,78854688
1435.1258,14542.0000,3685.0000,10857.0000,8,1,78921064
1435.2605,14541.0000,3685.0000,10856.0000,8,1,78987440
1435.3953,14540.0000,3685.0000,10855.0000,8,1,79053816
1435.5303,14539.0000,3684.0000,10855.0000,8,1,79120192
1435.6650,14538.0000,3683.0000,10855.0000,8,1,79186568
1435.7998,14537.0000,3684.0000,10853.0000,8,1,79252944
1435.9345,14536.0000,3685.0000,10851.0000,8,1,79319320
1436.0692,14535.0000,3684.0000,10851.0000,8,1,79385696
1436.2039,14534.0000,3684.0000,10850.0000,8,1,79452072
1436.3386,14533.0000,3684.0000,10849.0000,8,1,79518448
1436.4735,14532.0000,3684.0000,10848.0000,8,1,79584824
1436.6081,14531.0000,3684.0000,10847.0000,8,1,79651200
1436.7424,14530.0000,3683.0000,10847.0000,8,1,79717576
1436.8773,14529.0000,3683.0000,10846.0000,8,1,79783952
1437.0123,14528.0000,3684.0000,10844.0000,8,1,79850328
1437.1467,14527.0000,3684.0000,10843.0000,8,1,79916704
1437.2814,14526.0000,3684.0000,10842.0000,8,1,79983080
1437.4161,14525.0000,3683.0000,10842.0000,8,1,80049456
1437.5506,14524.0000,3683.0000,10841.0000,8,1,80115832
1437.6853,14523.0000,3682.0000,10841.0000,8,1,80182208
1437.8201,14522.0000,3677.0000,10845.0000,8,1,80248584
1437.9552,14520.0000,3657.0000,10863.0000,8,1,80314960
1438.0897,14519.0000,3657.0000,10862.0000,8,1,80381336
1438.2246,14518.0000,3657.0000,10861.0000,8,1,80447712
1438.3593,14517.0000,3657.0000,10860.0000,8,1,80514088
1438.4945,14516.0000,3657.0000,10859.0000,8,1,80580464
1438.6290,14515.0000,3656.0000,10859.0000,8,1,80646840
1438.7637,14514.0000,3656.0000,10858.0000,8,1,80713216
1438.8985,14513.0000,3656.0000,10857.0000,8,1,80779592
1439.0332,14512.0000,3655.0000,10857.0000,8,1,80845968
1439.1674,14511.0000,3655.0000,10856.0000,8,1,80912344
1439.3020,14510.0000,3654.0000,10856.0000,8,1,80978720
1439.4367,14509.0000,3654.0000,10855.0000,8,1,81045096
1439.5715,14508.0000,3654.0000,10854.0000,8,1,81111472
1439.7063,14507.0000,3653.0000,10854.0000,8,1,81177848
1439.8409,14506.0000,3655.0000,10851.0000,8,1,81244224
1439.9760,14505.0000,3656.0000,10849.0000,8,1,81310600
1440.1106,14504.0000,3656.0000,10848.0000,8,1,81376976
1440.2452,14503.0000,3655.0000,10848.0000,8,1,81443352
1440.3798,14502.0000,3656.0000,10846.0000,8,1,81509728
1440.5147,14501.0000,3655.0000,10846.0000,8,1,81576104
1440.6494,14500.0000,3654.0000,10846.0000,8,1,81642480
1440.7841,14499.0000,3655.0000,10844.0000,8,1,81708856
1440.9192,14498.0000,3654.0000,10844.0000,8,1,81775232
1441.0538,14497.0000,3655.0000,10842.0000,8,1,81841608
1441.1883,14496.0000,3656.0000,10840.0000,8,1,81907984
1441.3235,14495.0000,3656.0000,10839.0000,8,1,81974360
1441.4588,14494.0000,3656.0000,10838.0000,8,1,82040736
1441.5933,14493.0000,3657.0000,10836.0000,8,1,82107112
1441.7280,14492.0000,3657.0000,10835.0000,8,1,82173488
1441.8626,14491.0000,3657.0000,10834.0000,8,1,82239864
1441.9974,14490.0000,3660.0000,10830.0000,8,1,82306240
1442.1321,14489.0000,3660.0000,10829.0000,8,1,82372616
1442.2666,14488.0000,3660.0000,10828.0000,8,1,82438992
1442.4013,14487.0000,3659.0000,10828.0000,8,1,82505368
1442.5358,14486.0000,3659.0000,10827.0000,8,1,82571744
1442.6704,14485.0000,3658.0000,10827.0000,8,1,82638120
1442.8048,14484.0000,3658.0000,10826.0000,8,1,82704496
1442.9394,14483.0000,3658.0000,10825.0000,8,1,82770872
1443.0744,14482.0000,3658.0000,10824.0000,8,1,82837248
1443.2088,14481.0000,3658.0000,10823.0000,8,1,82903624
1443.3434,14480.0000,3657.0000,10823.0000,8,1,82970000
1443.4782,14479.0000,3656.0000,10823.0000,8,1,83036376
1443.6126,14478.0000,3655.0000,10823.0000,8,1,83102752
1443.7471,14477.0000,3654.0000,10823.0000,8,1,83169128
1443.8819,14476.0000,3654.0000,10822.0000,8,1,83235504
1444.0169,14475.0000,3654.0000,10821.0000,8,1,83301880
1444.1516,14474.0000,3654.0000,10820.0000,8,1,83368256
1444.2864,14473.0000,3654.0000,10819.0000,8,1,83434632
1444.4211,14472.0000,3654.0000,10818.0000,8,1,83501008
1444.5560,14471.0000,3654.0000,10817.0000,8,1,83567384
1444.6904,14470.0000,3653.0000,10817.0000,8,1,83633760
1444.8248,14469.0000,3655.0000,10814.0000,8,1,83700136
1444.9597,14468.0000,3654.0000,10814.0000,8,1,83766512
1445.0945,14467.0000,3654.0000,10813.0000,8,1,83832888
1445.2290,14466.0000,3654.0000,10812.0000,8,1,83899264
1445.3637,14465.0000,3654.0000,10811.0000,8,1,83965640
1445.4987,14464.0000,3654.0000,10810.0000,8,1,84032016
1445.6331,14463.0000,3654.0000,10809.0000,8,1,84098392
1445.7677,14462.0000,3653.0000,10809.0000,8,1,84164768
1445.9025,14461.0000,3653.0000,10808.0000,8,1,84231144
1446.0374,14460.0000,3652.0000,10808.0000,8,1,84297520
1446.1720,14459.0000,3652.0000,10807.0000,8,1,84363896
1446.3065,14458.0000,3652.0000,10806.0000,8,1,84430272
1446.4413,14457.0000,3652.0000,10805.0000,8,1,84496648
1446.5760,14456.0000,3652.0000,10804.0000,8,1,84563024
1446.7107,14455.0000,3654.0000,10801.0000,8,1,84629400
1446.8450,14454.0000,3654.0000,10800.0000,8,1,84695776
1446.9799,14453.0000,3657.0000,10796.0000,8,1,84762152
1447.1145,14452.0000,3657.0000,10795.0000,8,1,84828528
1447.2492,14451.0000,3656.0000,10795.0000,8,1,84894904
1447.3839,14450.0000,3655.0000,10795.0000,8,1,84961280
1447.5187,14449.0000,3655.0000,10794.0000,8,1,85027656
1447.6531,14448.0000,3654.0000,10794.0000,8,1,85094032
1447.7879,14447.0000,3654.0000,10793.0000,8,1,85160408
1447.9228,14446.0000,3654.0000,10792.0000,8,1,85226784
1448.0573,14445.0000,3654.0000,10791.0000,8,1,85293160
1448.1924,14444.0000,3654.0000,10790.0000,8,1,85359536
1448.3271,14443.0000,3654.0000,10789.0000,8,1,85425912
1448.4620,14442.0000,3654.0000,10788.0000,8,1,85492288
1448.5967,14441.0000,3654.0000,10787.0000,8,1,85558664
1448.7314,14440.0000,3654.0000,10786.0000,8,1,85625040
1448.8661,14439.0000,3653.0000,10786.0000,8,1,85691416
1449.0010,14438.0000,3653.0000,10785.0000,8,1,85757792
1449.1356,14437.0000,3652.0000,10785.0000,8,1,85824168
1449.2703,14436.0000,3653.0000,10783.0000,8,1,85890544
1449.4048,14435.0000,3654.0000,10781.0000,8,1,85956920
1449.5396,14434.0000,3654.0000,10780.0000,8,1,86023296
1449.6740,14433.0000,3653.0000,10780.0000,8,1,86089672
1449.8090,14432.0000,3653.0000,10779.0000,8,1,86156048
1449.9437,14431.0000,3652.0000,10779.0000,8,1,86222424
1450.0785,14430.0000,3652.0000,10778.0000,8,1,86288800
1450.2130,14429.0000,3652.0000,10777.0000,8,1,86355176
1450.3478,14428.0000,3652.0000,10776.0000,8,1,86421552
1450.4824,14427.0000,3652.0000,10775.0000,8,1,86487928
1450.6170,14426.0000,3652.0000,10774.0000,8,1,86554304
1450.7517,14425.0000,3652.0000,10773.0000,8,1,86620680
1450.8863,14424.0000,3652.0000,10772.0000,8,1,86687056
1451.0211,14423.0000,3654.0000,10769.0000,8,1,86753432
1451.1561,14422.0000,3655.0000,10767.0000,8,1,86819808
1451.2907,14421.0000,3655.0000,10766.0000,8,1,86886184
1451.4254,14420.0000,3655.0000,10765.0000,8,1,86952560
1451.5604,14419.0000,3654.0000,10765.0000,8,1,87018936
1451.6949,14418.0000,3654.0000,10764.0000,8,1,87085312
1451.8295,14417.0000,3654.0000,10763.0000,8,1,87151688
1451.9643,14416.0000,3654.0000,10762.0000,8,1,87218064
1452.0990,14415.0000,3654.0000,10761.0000,8,1,87284440
1452.2350,14414.0000,3654.0000,10760.0000,8,1,87350816
1452.3728,14413.0000,3653.0000,10760.0000,8,1,87417192
1452.5272,14412.0000,3653.0000,10759.0000,8,1,87483568
1452.6666,14411.0000,3653.0000,10758.0000,8,1,87549944
1452.8047,14410.0000,3653.0000,10757.0000,8,1,87616320
1452.9438,14409.0000,3652.0000,10757.0000,8,1,87682696
1453.0826,14408.0000,3652.0000,10756.0000,8,1,87749072
1453.2181,14407.0000,3652.0000,10755.0000,8,1,87815448
1453.3529,14406.0000,3653.0000,10753.0000,8,1,87881824
1453.4891,14405.0000,3655.0000,10750.0000,8,1,87948200
1453.6251,14404.0000,3655.0000,10749.0000,8,1,88014576
1453.7603,14403.0000,3656.0000,10747.0000,8,1,88080952
1453.8949,14402.0000,3655.0000,10747.0000,8,1,88147328
1454.0308,14401.0000,3655.0000,10746.0000,8,1,88213704
1454.1661,14400.0000,3655.0000,10745.0000,8,1,88280080
1454.3011,14399.0000,3655.0000,10744.0000,8,1,88346456
1454.4360,14398.0000,3655.0000,10743.0000,8,1,88412832
1454.5708,14397.0000,3654.0000,10743.0000,8,1,88479208
1454.7055,14396.0000,3653.0000,10743.0000,8,1,88545584
1454.8401,14395.0000,3653.0000,10742.0000,8,1,88611960
1454.9768,14394.0000,3652.0000,10742.0000,8,1,88678336
1455.1129,14393.0000,3652.0000,10741.0000,8,1,88744712
1455.2476,14392.0000,3652.0000,10740.0000,8,1,88811088
1455.3821,14391.0000,3652.0000,10739.0000,8,1,88877464
1455.5185,14390.0000,3653.0000,10737.0000,8,1,88943840
1455.6538,14389.0000,3653.0000,10736.0000,8,1,89010216
1455.7885,14388.0000,3653.0000,10735.0000,8,1,89076592
1455.9233,14387.0000,3653.0000,10734.0000,8,1,89142968
1456.0585,14386.0000,3654.0000,10732.0000,8,1,89209344
1456.1936,14385.0000,3654.0000,10731.0000,8,1,89275720
1456.3294,14384.0000,3654.0000,10730.0000,8,1,89342096
1456.4641,14383.0000,3654.0000,10729.0000,8,1,89408472
1456.5990,14382.0000,3654.0000,10728.0000,8,1,89474848
1456.7338,14381.0000,3654.0000,10727.0000,8,1,89541224
1456.8683,14380.0000,3654.0000,10726.0000,8,1,89607600
1457.0036,14379.0000,3653.0000,10726.0000,8,1,89673976
1457.1383,14378.0000,3653.0000,10725.0000,8,1,89740352
1457.2730,14377.0000,3653.0000,10724.0000,8,1,89806728
1457.4078,14376.0000,3653.0000,10723.0000,8,1,89873104
1457.5426,14375.0000,3652.0000,10723.0000,8,1,89939480
1457.7045,14374.0000,3652.0000,10722.0000,8,1,90005856
1457.8701,14373.0000,3651.0000,10722.0000,8,1,90072232
1458.0052,14372.0000,3651.0000,10721.0000,8,1,90138608
1458.1395,14371.0000,3652.0000,10719.0000,8,1,90204984
1458.2742,14370.0000,3652.0000,10718.0000,8,1,90271360
1458.4097,14369.0000,3652.0000,10717.0000,8,1,90337736
1458.5448,14368.0000,3652.0000,10716.0000,8,1,90404112
1458.6797,14367.0000,3652.0000,10715.0000,8,1,90470488
1458.8144,14366.0000,3651.0000,10715.0000,8,1,90536864
1458.9496,14365.0000,3650.0000,10715.0000,8,1,90603240
1459.0852,14364.0000,3649.0000,10715.0000,8,1,90669616
1459.2220,14363.0000,3650.0000,10713.0000,8,1,90735992
1459.3578,14362.0000,3650.0000,10712.0000,8,1,90802368
1459.4935,14361.0000,3649.0000,10712.0000,8,1,90868744
1459.6286,14360.0000,3649.0000,10711.0000,8,1,90935120
1459.7636,14359.0000,3650.0000,10709.0000,8,1,91001496
1459.8988,14358.0000,3650.0000,10708.0000,8,1,91067872
1460.0360,14357.0000,3649.0000,10708.0000,8,1,91134248
1460.1713,14356.0000,3649.0000,10707.0000,8,1,91200624
1460.3068,14355.0000,3649.0000,10706.0000,8,1,91267000
1460.4418,14354.0000,3650.0000,10704.0000,8,1,91333376
1460.5772,14353.0000,3653.0000,10700.0000,8,1,91399752
1460.7124,14352.0000,3653.0000,10699.0000,8,1,91466128
1460.8479,14351.0000,3652.0000,10699.0000,8,1,91532504
1460.9838,14350.0000,3652.0000,10698.0000,8,1,91598880
1461.1233,14349.0000,3652.0000,10697.0000,8,1,91665256
1461.2599,14348.0000,3652.0000,10696.0000,8,1,91731632
1461.3950,14347.0000,3653.0000,10694.0000,8,1,91798008
1461.5366,14346.0000,3653.0000,10693.0000,8,1,91864384
1461.6757,14345.0000,3654.0000,10691.0000,8,1,91930760
1461.8145,14344.0000,3654.0000,10690.0000,8,1,91997136
1461.9511,14343.0000,3656.0000,10687.0000,8,1,92063512
1462.0869,14342.0000,3656.0000,10686.0000,8,1,92129888
1462.2326,14341.0000,3655.0000,10686.0000,8,1,92196264
1462.3683,14340.0000,3654.0000,10686.0000,8,1,92262640
1462.5037,14339.0000,3654.0000,10685.0000,8,1,92329016
1462.6409,14338.0000,3654.0000,10684.0000,8,1,92395392
1462.7774,14337.0000,3654.0000,10683.0000,8,1,92461768
1462.9169,14336.0000,3654.0000,10682.0000,8,1,92528144
1463.0593,14335.0000,3654.0000,10681.0000,8,1,92594520
1463.1957,14334.0000,3656.0000,10678.0000,8,1,92660896
1463.3347,14333.0000,3656.0000,10677.0000,8,1,92727272
1463.4698,14332.0000,3656.0000,10676.0000,8,1,92793648
1463.6047,14331.0000,3656.0000,10675.0000,8,1,92860024
1463.7396,14330.0000,3656.0000,10674.0000,8,1,92926400
1463.8760,14329.0000,3656.0000,10673.0000,8,1,92992776
1464.0117,14328.0000,3656.0000,10672.0000,8,1,93059152
1464.1464,14327.0000,3662.0000,10665.0000,8,1,93125528
1464.2820,14326.0000,3661.0000,10665.0000,8,1,93191904
1464.4176,14325.0000,3660.0000,10665.0000,8,1,93258280
1464.5526,14324.0000,3660.0000,10664.0000,8,1,93324656
1464.6873,14323.0000,3660.0000,10663.0000,8,1,93391032
1464.8224,14322.0000,3659.0000,10663.0000,8,1,93457408
1464.9572,14321.0000,3659.0000,10662.0000,8,1,93523784
1465.0923,14320.0000,3659.0000,10661.0000,8,1,93590160
1465.2266,14319.0000,3663.0000,10656.0000,8,1,93656536
1465.3611,14318.0000,3663.0000,10655.0000,8,1,93722912
1465.4961,14317.0000,3663.0000,10654.0000,8,1,93789288
1465.6305,14316.0000,3663.0000,10653.0000,8,1,93855664
1465.7653,14315.0000,3662.0000,10653.0000,8,1,93922040
1465.9014,14314.0000,3662.0000,10652.0000,8,1,93988416
1466.0377,14313.0000,3662.0000,10651.0000,8,1,94054792
1466.1724,14312.0000,3662.0000,10650.0000,8,1,94121168
1466.3070,14311.0000,3662.0000,10649.0000,8,1,94187544
1466.4419,14310.0000,3661.0000,10649.0000,8,1,94253920
1466.5769,14309.0000,3660.0000,10649.0000,8,1,94320296
1466.7116,14308.0000,3660.0000,10648.0000,8,1,94386672
1466.8462,14307.0000,3660.0000,10647.0000,8,1,94453048
1466.9810,14306.0000,3660.0000,10646.0000,8,1,94519424
1467.1160,14305.0000,3659.0000,10646.0000,8,1,94585800
1467.2506,14304.0000,3659.0000,10645.0000,8,1,94652176
1467.3853,14303.0000,3659.0000,10644.0000,8,1,94718552
1467.5204,14302.0000,3659.0000,10643.0000,8,1,94784928
1467.6548,14301.0000,3658.0000,10643.0000,8,1,94851304
1467.7895,14300.0000,3658.0000,10642.0000,8,1,94917680
1467.9243,14299.0000,3659.0000,10640.0000,8,1,94984056
1468.0593,14298.0000,3659.0000,10639.0000,8,1,95050432
1468.1940,14297.0000,3659.0000,10638.0000,8,1,95116808
1468.3290,14296.0000,3659.0000,10637.0000,8,1,95183184
1468.4639,14295.0000,3659.0000,10636.0000,8,1,95249560
1468.5986,14294.0000,3658.0000,10636.0000,8,1,95315936
1468.7333,14293.0000,3658.0000,10635.0000,8,1,95382312
1468.8678,14292.0000,3658.0000,10634.0000,8,1,95448688
1469.0028,14291.0000,3657.0000,10634.0000,8,1,95515064
1469.1374,14290.0000,3657.0000,10633.0000,8,1,95581440
1469.2723,14289.0000,3656.0000,10633.0000,8,1,95647816
1469.4068,14288.0000,3656.0000,10632.0000,8,1,95714192
1469.5418,14287.0000,3656.0000,10631.0000,8,1,95780568
1469.6762,14286.0000,3655.0000,10631.0000,8,1,95846944
1469.8108,14285.0000,3656.0000,10629.0000,8,1,95913320
1469.9458,14284.0000,3656.0000,10628.0000,8,1,95979696
1470.0807,14283.0000,3656.0000,10627.0000,8,1,96046072
1470.2162,14282.0000,3656.0000,10626.0000,8,1,96112448
1470.3509,14279.0000,3655.0000,10624.0000,8,1,96178824
1470.4858,14278.0000,3655.0000,10623.0000,8,1,96245200
1470.6203,14277.0000,3655.0000,10622.0000,8,1,96311576
1470.7549,14276.0000,3654.0000,10622.0000,8,1,96377952
1470.8898,14275.0000,3654.0000,10621.0000,8,1,96444328
1471.0248,14274.0000,3655.0000,10619.0000,8,1,96510704
1471.1592,14273.0000,3655.0000,10618.0000,8,1,96577080
1471.2943,14272.0000,3655.0000,10617.0000,8,1,96643456
1471.4290,14271.0000,3655.0000,10616.0000,8,1,96709832
1471.5643,14270.0000,3655.0000,10615.0000,8,1,96776208
1471.6991,14269.0000,3655.0000,10614.0000,8,1,96842584
1471.8337,14268.0000,3655.0000,10613.0000,8,1,96908960
1471.9687,14267.0000,3654.0000,10613.0000,8,1,96975336
1472.1036,14266.0000,3656.0000,10610.0000,8,1,97041712
1472.2384,14265.0000,3660.0000,10605.0000,8,1,97108088
1472.3728,14264.0000,3659.0000,10605.0000,8,1,97174464
1472.5075,14263.0000,3659.0000,10604.0000,8,1,97240840
1472.6426,14262.0000,3659.0000,10603.0000,8,1,97307216
1472.7771,14261.0000,3658.0000,10603.0000,8,1,97373592
1472.9116,14260.0000,3658.0000,10602.0000,8,1,97439968
1473.0467,14259.0000,3657.0000,10602.0000,8,1,97506344
1473.1814,14258.0000,3657.0000,10601.0000,8,1,97572720
1473.3164,14257.0000,3657.0000,10600.0000,8,1,97639096
1473.4513,14256.0000,3657.0000,10599.0000,8,1,97705472
1473.5858,14255.0000,3657.0000,10598.0000,8,1,97771848
1473.7203,14254.0000,3657.0000,10597.0000,8,1,97838224
1473.8552,14253.0000,3657.0000,10596.0000,8,1,97904600
1473.9908,14252.0000,3657.0000,10595.0000,8,1,97970976
1474.1270,14251.0000,3657.0000,10594.0000,8,1,98037352
1474.2634,14250.0000,3656.0000,10594.0000,8,1,98103728
1474.3982,14249.0000,3656.0000,10593.0000,8,1,98170104
1474.5339,14248.0000,3656.0000,10592.0000,8,1,98236480
1474.6704,14247.0000,3655.0000,10592.0000,8,1,98302856
1474.8061,14246.0000,3654.0000,10592.0000,8,1,98369232
1474.9416,14245.0000,3654.0000,10591.0000,8,1,98435608
1475.0777,14244.0000,3653.0000,10591.0000,8,1,98501984
1475.2131,14243.0000,3653.0000,10590.0000,8,1,98568360
1475.3485,14242.0000,3654.0000,10588.0000,8,1,98634736
1475.4837,14241.0000,3654.0000,10587.0000,8,1,98701112
1475.6193,14240.0000,3654.0000,10586.0000,8,1,98767488
1475.7553,14239.0000,3654.0000,10585.0000,8,1,98833864
1475.8984,14238.0000,3654.0000,10584.0000,8,1,98900240
1476.0415,14237.0000,3654.0000,10583.0000,8,1,98966616
1476.1777,14236.0000,3653.0000,10583.0000,8,1,99032992
1476.3129,14235.0000,3653.0000,10582.0000,8,1,99099368
1476.4482,14234.0000,3655.0000,10579.0000,8,1,99165744
1476.5845,14233.0000,3655.0000,10578.0000,8,1,99232120
1476.7198,14232.0000,3654.0000,10578.0000,8,1,99298496
1476.8549,14231.0000,3653.0000,10578.0000,8,1,99364872
1476.9908,14230.0000,3653.0000,10577.0000,8,1,99431248
1477.1354,14229.0000,3653.0000,10576.0000,8,1,99497624
1477.2772,14228.0000,3653.0000,10575.0000,8,1,99564000
1477.4125,14227.0000,3652.0000,10575.0000,8,1,99630376
1477.5490,14226.0000,3653.0000,10573.0000,8,1,99696752
1477.6879,14225.0000,3652.0000,10573.0000,8,1,99763128
1477.8303,14224.0000,3652.0000,10572.0000,8,1,99829504
1477.9672,14223.0000,3652.0000,10571.0000,8,1,99895880
1478.1033,14222.0000,3652.0000,10570.0000,8,1,99962256
1478.2384,14221.0000,3652.0000,10569.0000,8,1,100028632
1478.3740,14220.0000,3652.0000,10568.0000,8,1,100095008
1478.5092,14219.0000,3652.0000,10567.0000,8,1,100161384
1478.6443,14218.0000,3652.0000,10566.0000,8,1,100227760
1478.7798,14217.0000,3652.0000,10565.0000,8,1,100294136
1478.9166,14216.0000,3652.0000,10564.0000,8,1,100360512
1479.0576,14215.0000,3653.0000,10562.0000,8,1,100426888
1479.1945,14214.0000,3653.0000,10561.0000,8,1,100493264
1479.3299,14213.0000,3653.0000,10560.0000,8,1,100559640
1479.4658,14212.0000,3652.0000,10560.0000,8,1,100626016
1479.6026,14211.0000,3652.0000,10559.0000,8,1,100692392
1479.7375,14210.0000,3652.0000,10558.0000,8,1,100758768
1479.8726,14209.0000,3652.0000,10557.0000,8,1,100825144
1480.0092,14208.0000,3652.0000,10556.0000,8,1,100891520
1480.1441,14207.0000,3652.0000,10555.0000,8,1,100957896
1480.2800,14206.0000,3653.0000,10553.0000,8,1,101024272
1480.4163,14205.0000,3653.0000,10552.0000,8,1,101090648
1480.5521,14204.0000,3653.0000,10551.0000,8,1,101157024
1480.6885,14203.0000,3653.0000,10550.0000,8,1,101223400
1480.8240,14202.0000,3653.0000,10549.0000,8,1,101289776
1480.9596,14201.0000,3653.0000,10548.0000,8,1,101356152
1481.0951,14200.0000,3653.0000,10547.0000,8,1,101422528
1481.2308,14199.0000,3653.0000,10546.0000,8,1,101488904
1481.3765,14198.0000,3653.0000,10545.0000,8,1,101555280
1481.5120,14197.0000,3653.0000,10544.0000,8,1,101621656
1481.6476,14196.0000,3653.0000,10543.0000,8,1,101688032
1481.7849,14195.0000,3653.0000,10542.0000,8,1,101754408
1481.9205,14194.0000,3652.0000,10542.0000,8,1,101820784
1482.0757,14193.0000,3652.0000,10541.0000,8,1,101887160
1482.2128,14192.0000,3652.0000,10540.0000,8,1,101953536
1482.3485,14191.0000,3652.0000,10539.0000,8,1,102019912
1482.4837,14190.0000,3651.0000,10539.0000,8,1,102086288
1482.6204,14189.0000,3650.0000,10539.0000,8,1,102152664
1482.7559,14188.0000,3650.0000,10538.0000,8,1,102219040
1482.8908,14187.0000,3651.0000,10536.0000,8,1,102285416
1483.0276,14186.0000,3651.0000,10535.0000,8,1,102351792
1483.1642,14185.0000,3652.0000,10533.0000,8,1,102418168
1483.3000,14184.0000,3652.0000,10532.0000,8,1,102484544
1483.4350,14183.0000,3652.0000,10531.0000,8,1,102550920
1483.5712,14182.0000,3651.0000,10531.0000,8,1,102617296
1483.7067,14181.0000,3651.0000,10530.0000,8,1,102683672
1483.8419,14180.0000,3650.0000,10530.0000,8,1,102750048
1483.9777,14179.0000,3649.0000,10530.0000,8,1,102816424
1484.1146,14178.0000,3648.0000,10530.0000,8,1,102882800
1484.2501,14177.0000,3648.0000,10529.0000,8,1,102949176
1484.3861,14176.0000,3648.0000,10528.0000,8,1,103015552
1484.5219,14175.0000,3648.0000,10527.0000,8,1,103081928
1484.6579,14174.0000,3648.0000,10526.0000,8,1,103148304
1484.7925,14173.0000,3647.0000,10526.0000,8,1,103214680
1484.9275,14172.0000,3652.0000,10520.0000,8,1,103281056
1485.0632,14171.0000,3652.0000,10519.0000,8,1,103347432
1485.2361,14171.0000,3652.0000,10519.0000,8,2,103413808
